cve,file_func_name
CVE-2008-6505,"FilterDispatcher, DefaultStaticContentLoader"
CVE-2008-6682,
CVE-2009-0026,"search.jsp, swr.jsp"
CVE-2009-2625,XMLScanner.java
CVE-2010-0684,createDestination.action
CVE-2010-2273,"dojo/resources/iframe_history.html, dojox/av/FLAudio.js, dojox/av/FLVideo.js, dojox/av/resources/audio.swf, dojox/av/resources/video.swf, util/buildscripts/jslib/build.js, util/buildscripts/jslib/buildUtil.js, dojoUrl, testUrl, util/doh/runner.html"
CVE-2010-5312,jquery.ui.dialog.js
CVE-2011-2087,"FileHandler.java, HiddenHandler.java, PasswordHandler.java, RadioHandler.java, ResetHandler.java, SelectHandler.java, SubmitHandler.java, TextFieldHandler.java"
CVE-2011-2088,s:submit
CVE-2011-4356,"celeryd_detach, celeryd-multi"
CVE-2011-4905,
CVE-2011-4952,
CVE-2011-4953,"set_mgmt_parameters, item.py, yaml.load, yaml.safe_load"
CVE-2011-4969,location.hash
CVE-2012-0213,"UnhandledDataStructure, hwpf/model/UnhandledDataStructure.java"
CVE-2012-0215,model/modelstorage.py
CVE-2012-0391,ExceptionDelegator
CVE-2012-0393,ParameterInterceptor
CVE-2012-0394,DebuggingInterceptor
CVE-2012-0805,"select.limit, select.offset"
CVE-2012-0838,
CVE-2012-0878,
CVE-2012-0881,
CVE-2012-2238,ModelView.button
CVE-2012-2374,tornado.web.RequestHandler.set_header
CVE-2012-2395,action_power.py
CVE-2012-4387,
CVE-2012-4404,security/__init__.py
CVE-2012-5370,MurmurHash2
CVE-2012-5488,"python_scripts.py, createObject"
CVE-2012-5497,membership_tool.py
CVE-2012-6092,"PortfolioPublishServlet.java, webapp/websocket/chat.js"
CVE-2012-6551,
CVE-2012-6612,"UpdateRequestHandler, XPathEntityProcessor"
CVE-2012-6662,jquery.ui.tooltip.js
CVE-2012-6708,jQuery(strInput)
CVE-2013-0158,
CVE-2013-1879,scheduled.jsp
CVE-2013-1880,demo/portfolioPublish
CVE-2013-1965,
CVE-2013-1966,includeParams
CVE-2013-2022,"actionscript/Jplayer.as, jplayer.swf"
CVE-2013-2027,
CVE-2013-2115,includeParams
CVE-2013-2134,
CVE-2013-2135,
CVE-2013-2186,DiskFileItem
CVE-2013-2248,"redirect:, redirectAction:"
CVE-2013-2251,"action:, redirect:, redirectAction:"
CVE-2013-3060,
CVE-2013-4316,
CVE-2013-6397,"SolrResourceLoader, solr/select/, XSLT"
CVE-2013-6407,UpdateRequestHandler
CVE-2013-6408,"DocumentAnalysisRequestHandler, EmptyEntityResolver"
CVE-2013-6418,
CVE-2013-6444,
CVE-2013-7110,
CVE-2013-7330,
CVE-2013-7378,scripts/email.coffee
CVE-2014-0050,MultipartStream.java
CVE-2014-0094,ParametersInterceptor
CVE-2014-0116,"CookieInterceptor, cookiesName, getClass"
CVE-2014-1858,__init__.py
CVE-2014-1859,"core/tests/test_memmap.py, core/tests/test_multiarray.py, f2py/f2py2e.py, lib/tests/test_io.py"
CVE-2014-2058,BuildTrigger
CVE-2014-2059,hudson/cli/CreateJobCommand.java
CVE-2014-2061,PasswordParameterDefinition
CVE-2014-2062,
CVE-2014-2064,"loadUserByUsername, hudson/security/HudsonPrivateSecurityRealm.java"
CVE-2014-2065,
CVE-2014-2066,
CVE-2014-2067,java/hudson/model/Cause.java
CVE-2014-2068,"doIndex, hudson/util/RemotingDiagnostics.java"
CVE-2014-3490,resteasy.document.expand.entity.references
CVE-2014-3498,
CVE-2014-3576,"processControlCommand, broker/TransportConnection.java"
CVE-2014-3589,PIL/IcnsImagePlugin.py
CVE-2014-3598,Jpeg2KImagePlugin
CVE-2014-3599,
CVE-2014-3840,apps/common/templates/calculate_form_title.html
CVE-2014-4678,safe_eval
CVE-2014-6633,"safe_eval, collection.domain"
CVE-2014-7809,<s:token/>
CVE-2014-9634,
CVE-2014-9635,
CVE-2014-9720,
CVE-2015-0846,
CVE-2015-10005,lib/common/html_re.js
CVE-2015-10085,MTA
CVE-2015-1340,"doUidshiftIntoContainer, Chmod, Filepath.Walk"
CVE-2015-1812,
CVE-2015-1831,excludeParams
CVE-2015-3010,ceph/ceph.client.admin.keyring
CVE-2015-4053,/etc/ceph/ceph.client.admin.keyring
CVE-2015-5175,
CVE-2015-5303,NeutronMetadataProxySharedSecret
CVE-2015-6240,
CVE-2015-7315,
CVE-2015-7316,
CVE-2015-7536,
CVE-2015-8796,webapp/web/js/scripts/schema-browser.js
CVE-2015-9242,"Date(), Date.parse()"
CVE-2015-9251,dataType
CVE-2016-0734,
CVE-2016-0775,"ImagingFliDecode, libImaging/FliDecode.c"
CVE-2016-0785,
CVE-2016-1000232,
CVE-2016-10321,
CVE-2016-10518,
CVE-2016-10588,
CVE-2016-10589,selenium-binaries
CVE-2016-10703,lib/ecstatic.js
CVE-2016-10745,str.format
CVE-2016-1241,
CVE-2016-15036,
CVE-2016-2162,I18NInterceptor
CVE-2016-2533,"ImagingPcdDecode, PcdDecode.c"
CVE-2016-2537,exports['utc-millisec']
CVE-2016-3087,
CVE-2016-3088,Fileserver
CVE-2016-3953,session.connect
CVE-2016-3954,"session_cookie_key, examples/simple_examples/status"
CVE-2016-3956,CLI
CVE-2016-4003,URLDecoder
CVE-2016-4009,"ImagingResampleHorizontal, libImaging/Resample.c"
CVE-2016-4436,
CVE-2016-4438,
CVE-2016-4465,URLValidator
CVE-2016-6298,jwa.py
CVE-2016-6795,
CVE-2016-6801,Jackrabbit-Webdav
CVE-2016-6810,
CVE-2016-7404,
CVE-2016-8738,URLValidator
CVE-2016-9299,
CVE-2016-9909,
CVE-2016-9910,
CVE-2017-0359,
CVE-2017-0360,file_open
CVE-2017-1000219,windows-cpu
CVE-2017-1000242,
CVE-2017-1000353,"SignedObject, ObjectInputStream"
CVE-2017-1000354,
CVE-2017-1000355,XStream
CVE-2017-1000356,
CVE-2017-1000362,$JENKINS_HOME/jenkins.security.RekeySecretAdminMonitor/backups
CVE-2017-1000391,
CVE-2017-1000392,
CVE-2017-1000393,
CVE-2017-1000394,
CVE-2017-1000395,/user/(username)/api
CVE-2017-1000396,commons-httpclient
CVE-2017-1000398,/computer/(agent-name)/api
CVE-2017-1000399,/queue/item/(ID)/api
CVE-2017-1000400,/job/(job-name)/api
CVE-2017-1000401,<f:password/>
CVE-2017-1000420,
CVE-2017-1000426,
CVE-2017-1000469,
CVE-2017-1000481,isURLInPortal
CVE-2017-1000482,home_page
CVE-2017-1000487,
CVE-2017-1001002,
CVE-2017-1001003,
CVE-2017-1001004,typed-function
CVE-2017-11468,
CVE-2017-15010,tough-cookie
CVE-2017-15133,miekg-dns
CVE-2017-15612,mistune.py
CVE-2017-15720,
CVE-2017-15914,
CVE-2017-16003,windows-build-tools
CVE-2017-16015,
CVE-2017-16137,
CVE-2017-16615,parser.py
CVE-2017-16876,mistune.py
CVE-2017-16877,"/_next, /static"
CVE-2017-17831,.lfsconfig
CVE-2017-17835,
CVE-2017-18214,
CVE-2017-18638,"send_email, graphite-web/webapp/graphite/composer/views.py"
CVE-2017-20165,"useColors, src/node.js"
CVE-2017-20182,django_ajax/static/ajax-utilities/js/pagination.js
CVE-2017-20189,
CVE-2017-2598,
CVE-2017-2603,config.xml
CVE-2017-2608,javax.imageio
CVE-2017-2612,
CVE-2017-2809,ansible-vault
CVE-2017-2810,Databook
CVE-2017-5524,
CVE-2017-5641,AMF(X)
CVE-2017-7466,
CVE-2017-7481,"lookup-plugin, lookup()"
CVE-2017-7550,
CVE-2017-7662,
CVE-2017-7670,
CVE-2017-9791,ActionMessage
CVE-2018-1000057,
CVE-2018-1000067,
CVE-2018-1000068,"META-INF, WEB-INF"
CVE-2018-1000074,
CVE-2018-1000075,
CVE-2018-1000076,package.rb
CVE-2018-1000077,
CVE-2018-1000078,
CVE-2018-1000110,GitStatus.java
CVE-2018-1000111,"SubversionStatus.java, SubversionRepositoryStatus.java"
CVE-2018-1000146,
CVE-2018-1000169,"CLICommand.java, ViewOptionHandler.java"
CVE-2018-1000170,"confirmationList.jelly, stopButton.jelly"
CVE-2018-1000182,"AssemblaWeb.java, GitBlitRepositoryBrowser.java, Gitiles.java, TFS2013GitRepositoryBrowser.java, ViewGitWeb.java"
CVE-2018-1000192,"AboutJenkins.java, ListPluginsCommand.java"
CVE-2018-1000193,HudsonPrivateSecurityRealm.java
CVE-2018-1000194,"FilePath.java, SoloFilePathFilter.java"
CVE-2018-1000195,ZipExtractionInstaller.java
CVE-2018-1000406,core/src/main/java/hudson/model/FileParameterValue.java
CVE-2018-1000407,core/src/main/java/hudson/model/Api.java
CVE-2018-1000408,core/src/main/java/hudson/security/HudsonPrivateSecurityRealm.java
CVE-2018-1000409,core/src/main/java/hudson/security/HudsonPrivateSecurityRealm.java
CVE-2018-1000410,"core/src/main/java/org/kohsuke/stapler/RequestImpl.java, core/src/main/java/hudson/model/Descriptor.java"
CVE-2018-1000416,
CVE-2018-1000422,CrowdSecurityRealm.java
CVE-2018-1000423,"CrowdSecurityRealm.java, CrowdConfigurationService.java"
CVE-2018-1000519,"load_session, aiohttp_session/redis_storage.py"
CVE-2018-1000803,
CVE-2018-1000814,"EncryptedCookieStorage, NaClCookieStorage"
CVE-2018-1000816,Influxdb
CVE-2018-1000861,stapler/core/src/main/java/org/kohsuke/stapler/MetaClass.java
CVE-2018-1000862,DirectoryBrowserSupport.java
CVE-2018-1000863,"User.java, IdStrategy.java"
CVE-2018-1000864,CronTab.java
CVE-2018-1000872,
CVE-2018-1000997,"core/src/main/java/org/kohsuke/stapler/Facet.java, groovy/src/main/java/org/kohsuke/stapler/jelly/groovy/GroovyFacet.java, jelly/src/main/java/org/kohsuke/stapler/jelly/JellyFacet.java, jruby/src/main/java/org/kohsuke/stapler/jelly/jruby/JRubyFacet.java, jsp/src/main/java/org/kohsuke/stapler/jsp/JSPFacet.java"
CVE-2018-1002104,
CVE-2018-10931,CobblerXMLRPCInterface
CVE-2018-1107,is-my-json-valid
CVE-2018-11788,XMLInputFactory
CVE-2018-12018,
CVE-2018-12457,/admin/setup
CVE-2018-12537,"HttpServer, HttpClient"
CVE-2018-1308,DataImportHandler
CVE-2018-1327,XStream
CVE-2018-14505,tools/web/app.py
CVE-2018-14667,org.ajax4jsf.resource.UserResource$UriData
CVE-2018-15192,
CVE-2018-16487,"mergeWith, defaultsDeep, Object.prototype"
CVE-2018-16516,helpers.py
CVE-2018-16733,"TraceChain, eth/api_tracer.go"
CVE-2018-16886,"client-cert-auth, gRPC-gateway"
CVE-2018-17075,"x/net/html, html.Parse, HTMLTreeBuilder.cpp"
CVE-2018-17419,"setTA, scan_rr.go, dns.ParseZone"
CVE-2018-18624,
CVE-2018-18926,go-macaron/session
CVE-2018-19184,cmd/evm/runner.go
CVE-2018-19289,
CVE-2018-1999001,"User.java, config.xml"
CVE-2018-1999002,org/kohsuke/stapler/Stapler.java
CVE-2018-1999003,Queue.java
CVE-2018-1999004,SlaveComputer.java
CVE-2018-1999005,"BuildTimelineWidget.java, BuildTimelineWidget/control.jelly"
CVE-2018-1999006,Plugin.java
CVE-2018-1999007,org/kohsuke/stapler/Stapler.java
CVE-2018-1999042,XStream2.java
CVE-2018-1999044,CronTab.java
CVE-2018-1999045,"SecurityRealm.java, TokenBasedRememberMeServices2.java"
CVE-2018-1999046,Computer.java
CVE-2018-20594,FlowableModelManagerController.java
CVE-2018-20595,web/authorization/oauth2/controller/OAuth2ClientController.java
CVE-2018-21034,
CVE-2018-25068,"createTmpDir, globalpomutils-fileresources/src/main/java/com/anrisoftware/globalpom/fileresourcemanager/FileResourceManagerProvider.java"
CVE-2018-25074,validators/base.js
CVE-2018-3721,"defaultsDeep, mergeWith, __proto__"
CVE-2018-3752,
CVE-2018-3758,
CVE-2018-3778,
CVE-2018-5773,safe_mode
CVE-2018-6356,
CVE-2018-6835,node/hooks/express/apicalls.js
CVE-2018-7206,gitlab_group_whitelist
CVE-2018-7408,correctMkdir
CVE-2018-7750,"transport.py, channel-open"
CVE-2018-8006,QueueFilter
CVE-2018-8021,
CVE-2018-8038,
CVE-2019-0193,enable.dih.dataConfigParam
CVE-2019-1000021,XEP-0223
CVE-2019-1003003,core/src/main/java/hudson/security/TokenBasedRememberMeServices2.java
CVE-2019-1003010,src/main/java/hudson/plugins/git/GitTagAction.java
CVE-2019-1003017,JobImportAction.java
CVE-2019-1003031,"pom.xml, src/main/java/hudson/matrix/FilterScript.java"
CVE-2019-1003035,"src/main/java/com/microsoft/azure/vmagent/AzureVMAgentTemplate.java, src/main/java/com/microsoft/azure/vmagent/AzureVMCloud.java"
CVE-2019-1003036,src/main/java/com/microsoft/azure/vmagent/AzureVMAgent.java
CVE-2019-1003037,src/main/java/com/microsoft/azure/vmagent/AzureVMCloud.java
CVE-2019-1003042,
CVE-2019-1003043,
CVE-2019-1003044,
CVE-2019-1003049,
CVE-2019-1003050,f:validateButton
CVE-2019-1003089,
CVE-2019-1010266,
CVE-2019-10157,
CVE-2019-1020013,parse-server
CVE-2019-10217,"service_account_contents, no_log"
CVE-2019-10329,
CVE-2019-10349,plugin-provided
CVE-2019-10352,core/src/main/java/hudson/model/FileParameterValue.java
CVE-2019-10353,
CVE-2019-10354,
CVE-2019-10370,
CVE-2019-10383,
CVE-2019-10384,
CVE-2019-10390,
CVE-2019-10392,
CVE-2019-10395,
CVE-2019-10398,
CVE-2019-10401,f:expandableTextBox
CVE-2019-10402,f:combobox
CVE-2019-10404,
CVE-2019-10405,
CVE-2019-10406,
CVE-2019-10415,
CVE-2019-10416,
CVE-2019-10440,
CVE-2019-10441,
CVE-2019-10442,
CVE-2019-10474,
CVE-2019-10758,
CVE-2019-10760,
CVE-2019-10770,
CVE-2019-10793,
CVE-2019-11247,kube-apiserver
CVE-2019-11808,ThreadLocalRandom
CVE-2019-11939,
CVE-2019-12405,
CVE-2019-12887,
CVE-2019-13126,
CVE-2019-14243,headerv2.go
CVE-2019-14856,
CVE-2019-14864,Sumologic
CVE-2019-14900,
CVE-2019-15138,html-pdf
CVE-2019-15479,dashboard.ts
CVE-2019-15563,FeatureExtractionService.java
CVE-2019-16539,Overall/Read
CVE-2019-16540,Overall/Read
CVE-2019-16553,
CVE-2019-16554,Overall/Read
CVE-2019-16555,
CVE-2019-16771,
CVE-2019-16865,
CVE-2019-17109,
CVE-2019-17426,_bsontype
CVE-2019-17513,DefaultHttpHeaders
CVE-2019-19135,OPCFoundation.NetStandard.Opc.Ua
CVE-2019-19274,handle_keywordonly_args
CVE-2019-19275,ast_for_arguments
CVE-2019-19499,
CVE-2019-19703,
CVE-2019-19794,math/rand
CVE-2019-20786,"handleIncomingPacket, conn.go"
CVE-2019-25101,turbogears/controllers.py
CVE-2019-25102,simple-markdown.js
CVE-2019-25103,simple-markdown.js
CVE-2019-25158,"onSpeechDone, app.js"
CVE-2019-3564,
CVE-2019-5312,"getXmlDoc, BaseWxPayResult.java"
CVE-2019-5484,
CVE-2019-7164,order_by
CVE-2019-7313,www/resource.py
CVE-2020-10177,libImaging/FliDecode.c
CVE-2020-10378,"state->shuffle, state->buffer"
CVE-2020-10379,libImaging/TiffDecode.c
CVE-2020-10684,"ansible_facts, ansible_hosts"
CVE-2020-10729,
CVE-2020-10744,become_user
CVE-2020-10994,libImaging/Jpeg2KDecode.c
CVE-2020-11110,originalUrl
CVE-2020-11538,libImaging/SgiRleDecode.c
CVE-2020-11978,load_examples=False
CVE-2020-11980,etc/jmx.acl.cfg
CVE-2020-12245,"column.title, cellLinkTooltip"
CVE-2020-12458,"/var/lib/grafana, /var/lib/grafana/grafana.db"
CVE-2020-12459,"/etc/grafana/grafana.ini, /etc/grafana/ldap.toml"
CVE-2020-12648,
CVE-2020-12666,
CVE-2020-13379,
CVE-2020-13410,lib/write.js
CVE-2020-13920,LocateRegistry.createRegistry()
CVE-2020-13922,
CVE-2020-13927,api.auth.backend.deny_all
CVE-2020-13944,
CVE-2020-14040,"encoding/unicode, UTF16, UseBOM, ExpectBOM, golang.org/x/text/transform.String"
CVE-2020-14144,ENABLE_GIT_HOOKS
CVE-2020-14330,
CVE-2020-14365,disable_gpg_check
CVE-2020-15106,
CVE-2020-15112,wal/wal.go
CVE-2020-15126,
CVE-2020-15163,
CVE-2020-15229,"library://, shub://, --fakeroot"
CVE-2020-15270,
CVE-2020-15278,
CVE-2020-15500,server.js
CVE-2020-15904,
CVE-2020-1734,"subprocess.Popen(), shell=True"
CVE-2020-1740,write_data
CVE-2020-17446,
CVE-2020-17511,
CVE-2020-17515,
CVE-2020-17522,ip_allow.config
CVE-2020-17526,
CVE-2020-17532,handler-router
CVE-2020-17533,"canFlush, canPerformSystemActions"
CVE-2020-1911,fe52854cdf6725c2eaa9e125995da76e6ceb27da
CVE-2020-1912,
CVE-2020-1913,
CVE-2020-1914,
CVE-2020-1915,8cb935cd3b2321c46aa6b7ed8454d95c75a7fca0
CVE-2020-1941,
CVE-2020-1953,
CVE-2020-2097,
CVE-2020-2099,
CVE-2020-2100,
CVE-2020-2101,
CVE-2020-2102,
CVE-2020-2103,whoAmI
CVE-2020-2104,Overall/Read
CVE-2020-2105,
CVE-2020-2106,
CVE-2020-2111,
CVE-2020-2112,
CVE-2020-2113,
CVE-2020-2132,
CVE-2020-2136,
CVE-2020-2140,
CVE-2020-2160,
CVE-2020-2162,
CVE-2020-2169,
CVE-2020-2172,
CVE-2020-2179,
CVE-2020-2181,
CVE-2020-2182,
CVE-2020-2191,
CVE-2020-2192,
CVE-2020-2207,checkVncServ
CVE-2020-2220,
CVE-2020-2221,
CVE-2020-2222,
CVE-2020-2223,
CVE-2020-2224,
CVE-2020-2225,
CVE-2020-2226,
CVE-2020-2229,
CVE-2020-2230,
CVE-2020-2231,
CVE-2020-2238,
CVE-2020-22403,
CVE-2020-2244,
CVE-2020-2281,
CVE-2020-2283,
CVE-2020-2285,
CVE-2020-2287,Stapler
CVE-2020-2288,
CVE-2020-2304,
CVE-2020-24356,
CVE-2020-24391,mongo-express
CVE-2020-24714,
CVE-2020-25614,xmlquery.(*Node).InnerText
CVE-2020-25638,
CVE-2020-26232,
CVE-2020-26238,
CVE-2020-26240,
CVE-2020-26241,dataCopy
CVE-2020-26242,
CVE-2020-26250,"Authenticator.whitelist, Authenticator.allowed_users, GitHubOAuthenticator.org_whitelist, admin.whitelist.users, c.Authenticator.whitelist, c.GitHubOAuthenticator.team_whitelist, c.Authenticator.allowed_users"
CVE-2020-26264,GetProofsV2
CVE-2020-26265,
CVE-2020-26275,ServerApp.base_url
CVE-2020-26288,parse-server
CVE-2020-26309,
CVE-2020-27348,LD_LIBRARY_PATH
CVE-2020-28267,
CVE-2020-28441,
CVE-2020-28442,
CVE-2020-28458,
CVE-2020-28483,X-Forwarded-For
CVE-2020-28493,
CVE-2020-28499,_recursiveMerge
CVE-2020-28500,"toNumber, trimEnd"
CVE-2020-35653,PcxDecode
CVE-2020-35654,TiffDecode
CVE-2020-35655,SGIRleDecode
CVE-2020-36567,
CVE-2020-36625,"websocket.Upgrader, main.go"
CVE-2020-4059,
CVE-2020-5232,
CVE-2020-5233,
CVE-2020-5251,sessionToken
CVE-2020-5258,deepCopy
CVE-2020-5262,"`--new-pr`, `--fro, -pr`, `easybuild-framework`"
CVE-2020-5263,auth0.js
CVE-2020-5280,"org.http4s.server.staticcontent.FileService, org.http4s.server.staticcontent.ResourceService, org.http4s.server.staticcontent.WebjarService"
CVE-2020-5529,
CVE-2020-6174,
CVE-2020-7598,__proto__
CVE-2020-7622,DefaultHttpHeaders
CVE-2020-7640,
CVE-2020-7656,
CVE-2020-7677,
CVE-2020-7688,tagName
CVE-2020-7741,oauth_redirect
CVE-2020-7743,deepExtend
CVE-2020-7748,
CVE-2020-7758,filePath
CVE-2020-7760,https://github.com/codemirror/CodeMirror/blob/cdb228ac736369c685865b122b736cd0d397836c/mode/javascript/javascript.jsL129
CVE-2020-7762,
CVE-2020-7766,
CVE-2020-7792,"deepFillIn, deepMixIn"
CVE-2020-7924,
CVE-2020-8203,_.zipObjectDeep
CVE-2020-8568,"SecretProviderClassPodStatus/Status, var/lib/kubelet/pods"
CVE-2020-8910,goog.uri
CVE-2020-9543,
CVE-2021-20178,
CVE-2021-20327,mongodb-client-encryption
CVE-2021-21290,"File.createTempFile, AbstractDiskHttpData, java.io.tmpdir, DefaultHttpDataFactory.setBaseDir"
CVE-2021-21293,"NIO1SocketServerGroup, maxConnections, NIO2SocketServerGroup"
CVE-2021-21294,"MaxActiveRequests, maxConnections, BlazeServerBuilder"
CVE-2021-21295,"Http2MultiplexHandler, Http2StreamFrameToHttpObjectCodec, HttpRequest, HttpContent, HTTP2MultiplexCodec, Http2FrameCodec, ChannelInboundHandler, ChannelPipeline"
CVE-2021-21298,
CVE-2021-21316,"less-openui5, Less.js, GHSA-3crj-w4f5-gwh4"
CVE-2021-21330,aiohttp.web_middlewares.normalize_path_middleware
CVE-2021-21336,Products.PluggableAuthService
CVE-2021-21337,Products.PluggableAuthService
CVE-2021-21363,outputFolder
CVE-2021-21364,swagger-codegen
CVE-2021-21404,
CVE-2021-21409,"io.netty:netty-codec-http2, Http2HeaderFrame, endStream"
CVE-2021-21412,`#gpg`
CVE-2021-21422,"mongo-express, https://github.com/mongo-express/mongo-express/issues/577"
CVE-2021-21602,
CVE-2021-21603,
CVE-2021-21604,
CVE-2021-21605,config.xml
CVE-2021-21606,
CVE-2021-21607,
CVE-2021-21608,
CVE-2021-21609,
CVE-2021-21610,
CVE-2021-21611,
CVE-2021-21621,
CVE-2021-21623,
CVE-2021-21624,
CVE-2021-21632,Overall/Read
CVE-2021-21633,
CVE-2021-21639,config.xml
CVE-2021-21640,
CVE-2021-21641,
CVE-2021-21667,
CVE-2021-21670,
CVE-2021-21671,
CVE-2021-21677,
CVE-2021-21682,
CVE-2021-21683,
CVE-2021-21684,
CVE-2021-21685,FilePath#mkdirs
CVE-2021-21686,
CVE-2021-21688,"FilePath#reading(FileVisitor), FilePath#copyRecursiveTo"
CVE-2021-21689,"FilePath#unzip, FilePath#untar"
CVE-2021-21690,
CVE-2021-21691,
CVE-2021-21692,"FilePath#renameTo, FilePath#moveAllChildrenTo"
CVE-2021-21693,
CVE-2021-21694,"FilePath#toURI, FilePath#hasSymlink, FilePath#absolutize, FilePath#isDescendant, FilePath#get*DiskSpace"
CVE-2021-21695,FilePath#listFiles
CVE-2021-21696,libs/
CVE-2021-21697,
CVE-2021-21698,
CVE-2021-21700,
CVE-2021-22510,
CVE-2021-22511,
CVE-2021-22512,
CVE-2021-22513,
CVE-2021-22557,
CVE-2021-23337,
CVE-2021-23339,"com.typesafe.akka:akka-http-core, Transfer-Encoding"
CVE-2021-23341,"prism-asciidoc, prism-rest, prism-tap, prism-eiffel"
CVE-2021-23342,isURL
CVE-2021-23358,
CVE-2021-23363,killByPort
CVE-2021-23371,chrono-node
CVE-2021-23386,allocUnsafe
CVE-2021-23418,Fault
CVE-2021-23422,
CVE-2021-23423,"include-code, include-raw"
CVE-2021-23509,json-ptr
CVE-2021-23899,json-sanitizer
CVE-2021-23900,json-sanitizer
CVE-2021-24037,d86e185e485b6330216dee8e854455c694e3a36e
CVE-2021-25287,"J2kDecode, j2ku_graya_la"
CVE-2021-25288,"J2kDecode, j2ku_gray_i"
CVE-2021-25289,TiffDecode
CVE-2021-25290,TiffDecode.c
CVE-2021-25291,"TiffDecode.c, TiffreadRGBATile"
CVE-2021-25292,
CVE-2021-25293,SGIRleDecode.c
CVE-2021-25925,
CVE-2021-25926,
CVE-2021-25941,deep-override
CVE-2021-25978,
CVE-2021-25979,
CVE-2021-25986,
CVE-2021-26117,
CVE-2021-26118,
CVE-2021-26505,
CVE-2021-26559,`airflow.cfg`
CVE-2021-26697,
CVE-2021-26813,markdown2
CVE-2021-27576,NetTest
CVE-2021-28092,is-svg
CVE-2021-28359,/trigger'
CVE-2021-28676,FliDecode
CVE-2021-28677,EPSImageFile
CVE-2021-29059,
CVE-2021-29484,/ghost/preview
CVE-2021-29506,
CVE-2021-29621,Flask-AppBuilder
CVE-2021-30074,
CVE-2021-31597,"rejectUnauthorized, https.request"
CVE-2021-32090,
CVE-2021-3223,ui_base/js/..%2f
CVE-2021-32297,pe_reader.c
CVE-2021-32637,
CVE-2021-32640,"Sec-Websocket-Protocol, --max-http-header-size=size, maxHeaderSize"
CVE-2021-32643,"StaticFile.fromUrl, url.getFile"
CVE-2021-32673,reg-keygen-git-hash-plugin
CVE-2021-32699,
CVE-2021-32723,
CVE-2021-32803,node-tar
CVE-2021-32805,"Flask-AppBuilder, ?next={next-site}, next-site"
CVE-2021-32817,
CVE-2021-32819,
CVE-2021-32838,email_regex
CVE-2021-33194,ParseFragment
CVE-2021-33430,"PyArray_NewFromDescr_int, ctors.c"
CVE-2021-33587,css-what
CVE-2021-3377,ansi_up
CVE-2021-33813,SAXBuilder
CVE-2021-33880,basic_auth_protocol_factory
CVE-2021-34552,Convert.c
CVE-2021-3645,
CVE-2021-3702,private_data_dir
CVE-2021-37136,Bzip2Decoder
CVE-2021-37137,
CVE-2021-37533,
CVE-2021-3762,ClairCore
CVE-2021-37705,--multi_tenant_domain
CVE-2021-37712,"node-tar, GHSA-qq89-hq3f-393p"
CVE-2021-37713,"path.resolve, extractionDirectory, entryPath"
CVE-2021-39157,detect-character-encoding
CVE-2021-39176,detect-character-encoding
CVE-2021-39178,"next.config.js, images.domains, images.loader"
CVE-2021-39182,"MD5, hashing.py"
CVE-2021-39187,
CVE-2021-39229,apprise/plugins/NotifyIFTTT.py
CVE-2021-39236,
CVE-2021-3986,
CVE-2021-3987,
CVE-2021-3988,
CVE-2021-40323,XMLRPC
CVE-2021-40324,upload_log_data
CVE-2021-40325,
CVE-2021-4041,ansible_runner.interface.run_command
CVE-2021-40823,
CVE-2021-40839,
CVE-2021-4103,
CVE-2021-41104,web_server
CVE-2021-41131,"`tuf/client`, `tuf/ngclient`, `get_one_valid_targetinfo()`"
CVE-2021-41134,"diffNotebookCheckpoint, NbdimeWidget"
CVE-2021-41167,"forEachSeries, forEachLimit"
CVE-2021-41184,.position()
CVE-2021-41189,
CVE-2021-41246,
CVE-2021-41265,
CVE-2021-41269,
CVE-2021-4164,
CVE-2021-4170,
CVE-2021-4171,
CVE-2021-41766,
CVE-2021-4180,www_authenticate_uri
CVE-2021-4236,"AuthenticateMethod, UserData, WebSockets"
CVE-2021-4272,"static/js/topics.js, contentHtml"
CVE-2021-4329,logic.js
CVE-2021-43572,
CVE-2021-43795,Armeria
CVE-2021-43797,
CVE-2021-43798,public/plugins
CVE-2021-43803,
CVE-2021-43815,
CVE-2021-43838,jsx-slack
CVE-2021-43843,"jsx-slack, `<blockquote>`"
CVE-2021-43861,
CVE-2021-44550,NERServlet.java
CVE-2021-44906,"setKey, index.js"
CVE-2021-45083,"users.digest, settings.yaml"
CVE-2021-45459,lib/cmd.js
CVE-2021-46398,FileBrowser
CVE-2022-0273,
CVE-2022-0339,
CVE-2022-0341,
CVE-2022-0350,
CVE-2022-0352,
CVE-2022-0538,
CVE-2022-0766,janeczku/calibre-web
CVE-2022-0767,janeczku/calibre-web
CVE-2022-0860,
CVE-2022-0905,go-gitea/gitea
CVE-2022-1025,
CVE-2022-1708,ExecSync
CVE-2022-1928,go-gitea/gitea
CVE-2022-20612,
CVE-2022-20615,
CVE-2022-20616,
CVE-2022-20618,Overall/Read
CVE-2022-20619,
CVE-2022-21144,"libxmljs.parseXml, .toString"
CVE-2022-21187,
CVE-2022-21191,
CVE-2022-21213,"deepFillIn, deepMixIn"
CVE-2022-21222,index.js
CVE-2022-21659,
CVE-2022-21668,"requirements.txt, --index-url, setup.py"
CVE-2022-21670,
CVE-2022-2237,
CVE-2022-22815,ImagePath.Path
CVE-2022-22816,"path_getbbox, path.c, ImagePath.Path"
CVE-2022-22817,PIL.ImageMath.eval
CVE-2022-23451,openstack-barbican
CVE-2022-23452,openstack-barbican
CVE-2022-23458,
CVE-2022-23494,images_upload_handler
CVE-2022-23530,shutil.unpack_archive
CVE-2022-23531,tarfile.TarFile.extractall
CVE-2022-23532,"apoc.export.*, apoc.export.file.enabled"
CVE-2022-23538,scs-library-client
CVE-2022-23551,`/metadata/identity\oauth2\token/`
CVE-2022-23647,
CVE-2022-23649,signedEntryTimestamp
CVE-2022-24065,
CVE-2022-24066,--upload-pack
CVE-2022-2422,feathers-sequelize
CVE-2022-24302,
CVE-2022-24303,
CVE-2022-24304,"PIPELINE_PATH, fix-buildkite-agent-builds-permissions, br_multicast_add_group, net/bridge/br_multicast.c, $RepeatedMsgReduction, NIO+OpenSSL, NIO2+OpenSSL"
CVE-2022-24348,"helmTemplate, repository.go"
CVE-2022-24376,git-promise
CVE-2022-24721,"Oort, Seti, `SecurityPolicy`"
CVE-2022-24732,
CVE-2022-24757,
CVE-2022-24766,
CVE-2022-24768,"`sync`, `override`, `update`, `delete`, `get`, `action`"
CVE-2022-24785,
CVE-2022-24794,"requiresAuth, authRequired"
CVE-2022-24816,janino-x.y.z.jar
CVE-2022-24823,"io.netty:netty-codec-http, DefaultHttpDataFactory.setBaseDir, java.io.tmpdir"
CVE-2022-24825,
CVE-2022-24839,"org.cyberneko.html, java.lang.OutOfMemoryError"
CVE-2022-24901,
CVE-2022-24912,github.com/runatlantis/atlantis/server/controllers/events
CVE-2022-24968,mellium.im/xmpp
CVE-2022-25187,
CVE-2022-2525,janeczku/calibre-web
CVE-2022-25303,"flask.render_template, error.html"
CVE-2022-2564,automattic/mongoose
CVE-2022-2584,
CVE-2022-25860,"clone(), pull(), push(), listRemote()"
CVE-2022-25882,external_data
CVE-2022-25891,util.PartitionMessage
CVE-2022-25897,"org.eclipse.milo:sdk-server, CloseSession, deleteSubscription"
CVE-2022-25912,
CVE-2022-26183,
CVE-2022-2650,wger-project/wger
CVE-2022-28367,
CVE-2022-28923,
CVE-2022-29043,
CVE-2022-29048,
CVE-2022-29049,
CVE-2022-29188,
CVE-2022-29189,
CVE-2022-29190,
CVE-2022-29222,
CVE-2022-29241,root_dir
CVE-2022-29577,
CVE-2022-29822,Feathers
CVE-2022-29823,cleanQuery
CVE-2022-2995,
CVE-2022-3023,pingcap/tidb
CVE-2022-30427,
CVE-2022-30428,
CVE-2022-30947,
CVE-2022-30949,
CVE-2022-31027,"allowed_idps, CILogonOAuthenticator, OAuthenticator, JupyterHub, EntityID"
CVE-2022-31083,rootCertificateUrl
CVE-2022-31089,
CVE-2022-31108,
CVE-2022-31112,"LiveQueryController, Parse.Cloud.afterLiveQueryEvent"
CVE-2022-31129,rfc2822
CVE-2022-31160,.checkboxradio
CVE-2022-31604,
CVE-2022-31605,"yaml.load(), yaml.safe_load()"
CVE-2022-32149,ParseAcceptLanguage
CVE-2022-32171,
CVE-2022-32172,
CVE-2022-33146,web2py
CVE-2022-34037,/modules/caddyhttp/rewrite/rewrite.go
CVE-2022-34038,"PageWriter.write, pagewriter.go"
CVE-2022-34170,
CVE-2022-34174,
CVE-2022-34175,
CVE-2022-34749,
CVE-2022-35204,
CVE-2022-35917,validateTransfer
CVE-2022-35923,"lowercase(), uppercase()"
CVE-2022-35929,
CVE-2022-35954,"core.exportVariable, @actions/core, _GitHubActionsFileCommandDelimeter_"
CVE-2022-35980,.kibana
CVE-2022-36056,rekorBundle
CVE-2022-36079,beforeFind
CVE-2022-36881,
CVE-2022-36882,
CVE-2022-36883,
CVE-2022-36884,
CVE-2022-36887,
CVE-2022-36896,
CVE-2022-37423,apoc.log.stream
CVE-2022-3783,components/ui-component/ui-component-ctrl.js
CVE-2022-38306,/core/CorePrPsInfo.tcc
CVE-2022-38307,"LIEF::MachO::SegmentCommand::file_offset, /MachO/SegmentCommand.cpp"
CVE-2022-38495,"print_binary, /c/macho_reader.c"
CVE-2022-38497,CoreFile.tcc:69
CVE-2022-38545,
CVE-2022-38649,
CVE-2022-38663,gitUsernamePassword
CVE-2022-39218,"Math.random, crypto.getRandomValues"
CVE-2022-39225,
CVE-2022-39231,appIds
CVE-2022-39236,matrix-js-sdk
CVE-2022-39249,matrix-js-sdk
CVE-2022-39250,matrix-js-sdk
CVE-2022-39251,matrix-js-sdk
CVE-2022-39313,
CVE-2022-39324,originalUrl
CVE-2022-39340,streamed-list-objects
CVE-2022-39341,
CVE-2022-39342,
CVE-2022-39352,
CVE-2022-39395,"VELA_RUNTIME_PRIVILEGED_IMAGES, VELA_REPO_ALLOWLIST"
CVE-2022-40127,run_id
CVE-2022-40604,
CVE-2022-40754,/confirm
CVE-2022-40897,package_index.py
CVE-2022-40922,LIEF::MachO::BinaryParser::init_and_parse
CVE-2022-40923,LIEF::MachO::SegmentCommand::virtual_address
CVE-2022-4105,
CVE-2022-41224,l:helpIcon
CVE-2022-41226,
CVE-2022-41354,
CVE-2022-41678,"org.jolokia.http.AgentServlet, /api/jolokia, org.jolokia.http.HttpRequestHandler#handlePostRequest, JmxRequest, JSONObject, org.jolokia.http.HttpRequestHandler#executeRequest, org.jolokia.handler.ExecHandler#doHandleRequest, jdk.management.jfr.FlightRecorderMXBeanImpl, newRecording, setConfiguration, startRecording, copyTo"
CVE-2022-41878,"requestKeywordDenylist, Triggers"
CVE-2022-41879,requestKeywordDenylist
CVE-2022-41915,"DefaultHttpHeaders.set, DefaultHttpHeaders.set(CharSequence, Iterator<?>), remove(), add()"
CVE-2022-41918,
CVE-2022-41920,
CVE-2022-4244,codeplex-codehaus
CVE-2022-4245,org.codehaus.plexus.util.xml.XmlWriterUtil#writeComment
CVE-2022-42466,
CVE-2022-42467,"isis.prototyping.h2-console.web-allow-remote-access, isis.prototyping.h2-console.generate-random-web-admin-password, webAdminPass"
CVE-2022-42731,mfa/FIDO2.py
CVE-2022-43408,
CVE-2022-43413,
CVE-2022-43416,
CVE-2022-43419,
CVE-2022-43423,
CVE-2022-43996,csaf_provider
CVE-2022-45047,"org.apache.sshd.server.keyprovider.SimpleGeneratorHostKeyProvider, java.security.PrivateKey"
CVE-2022-45198,
CVE-2022-45199,SAMPLESPERPIXEL
CVE-2022-45690,org.json.JSONTokener.nextValue::JSONTokener.java
CVE-2022-4572,"ubireader_extract_files, ubireader/ubifs/output.py"
CVE-2022-45868,-webAdminPassword
CVE-2022-46165,
CVE-2022-4638,src/collective/contact/widget/widgets.py
CVE-2022-46651,
CVE-2022-4728,
CVE-2022-4729,
CVE-2022-4730,
CVE-2022-4885,src/scripts/jefferson
CVE-2022-4903,
CVE-2022-4963,"dropSchema, tenant/src/main/java/org/folio/spring/tenant/hibernate/HibernateSchemaService.java"
CVE-2023-0591,"ubireader_extract_files, dent_node.name, ubi_reader"
CVE-2023-1314,
CVE-2023-1496,
CVE-2023-2106,
CVE-2023-2253,`n`
CVE-2023-22887,run_id
CVE-2023-22888,run_id
CVE-2023-23625,
CVE-2023-23947,"clusterResourceWhitelist, clusterResources"
CVE-2023-25152,
CVE-2023-25156,
CVE-2023-25168,
CVE-2023-25171,
CVE-2023-25754,
CVE-2023-25766,
CVE-2023-25767,
CVE-2023-25768,
CVE-2023-26114,code-server
CVE-2023-26119,net.sourceforge.htmlunit:htmlunit
CVE-2023-26136,"CookieJar, rejectPublicSuffixes=false"
CVE-2023-26156,chromedriver.path
CVE-2023-27489,
CVE-2023-27494,
CVE-2023-27495,"@fastify/csrf-protection, @fastify/cookie, hmacKey"
CVE-2023-27524,"SECRET_KEY, superset_config.py, SUPERSET_SECRET_KEY"
CVE-2023-27582,
CVE-2023-27898,
CVE-2023-27899,
CVE-2023-27900,hudson.util.MultipartFormDataParser
CVE-2023-27901,org.kohsuke.stapler.RequestImpl
CVE-2023-27902,
CVE-2023-27903,
CVE-2023-27904,
CVE-2023-28155,
CVE-2023-28707,
CVE-2023-28858,redis-py
CVE-2023-28859,
CVE-2023-28936,
CVE-2023-29003,#NAME?
CVE-2023-29008,#ERROR!
CVE-2023-29019,"@fastify/passport, @fastify/session, sessionId"
CVE-2023-29020,"@fastify/passport, @fastify/csrf-protection, clearSessionOnLogin, clearSessionIgnoreFields"
CVE-2023-29032,
CVE-2023-29215,
CVE-2023-29246,
CVE-2023-29247,
CVE-2023-30019,imageURL
CVE-2023-30551,".SIGN, .PKGINFO"
CVE-2023-30601,allow_nodetool_archive_command
CVE-2023-31133,`/ghost/api/content/*`
CVE-2023-31581,
CVE-2023-32235,frontend/web/middleware/static-theme.js
CVE-2023-3224,
CVE-2023-32684,qcow2
CVE-2023-32978,
CVE-2023-33190,
CVE-2023-33199,`intoto/v0.0.2`
CVE-2023-33964,processIfTxErrorCrossShard
CVE-2023-33977,
CVE-2023-34092,"server.fs.deny, fs.deny, --host, server.host"
CVE-2023-34110,Flask-AppBuilder
CVE-2023-3414,
CVE-2023-3431,
CVE-2023-3432,plantuml/plantuml
CVE-2023-34340,
CVE-2023-34395,OdbcHook
CVE-2023-3442,
CVE-2023-34434,
CVE-2023-34458,RelayedNonceFixEnableEpoch
CVE-2023-34462,"SniHandler, SslHandler, ByteBuf, ClientHello, SslClientHelloHandler"
CVE-2023-34758,
CVE-2023-35088,"toAuditCkSql, groupId, streamId, auditId"
CVE-2023-3515,go-gitea/gitea
CVE-2023-35167,apiPrefilter
CVE-2023-35797,
CVE-2023-35798,get_sqlalchemy_connection
CVE-2023-35887,RootedFileSystem
CVE-2023-35908,
CVE-2023-35933,"Check, ListObjects"
CVE-2023-36475,
CVE-2023-36543,
CVE-2023-36809,tree_view_html
CVE-2023-36811,
CVE-2023-36821,
CVE-2023-36822,
CVE-2023-36827,fides.toml
CVE-2023-3696,automattic/mongoose
CVE-2023-37379,
CVE-2023-37471,
CVE-2023-37474,.cpr
CVE-2023-37480,CONNECTOR_TEMPLATE_REGISTER
CVE-2023-37481,"CONNECTOR_TEMPLATE_REGISTER, `datastore-connection/new`"
CVE-2023-38493,"TomcatService, JettyService"
CVE-2023-38501,"?k304, ?setck"
CVE-2023-38704,
CVE-2023-3894,jackson-dataformats-text
CVE-2023-39020,edu.stanford.nlp.io.getBZip2PipedInputStream
CVE-2023-39151,
CVE-2023-39508,
CVE-2023-39532,"fxFindModule, xsPlatform.c, fxRejectModuleFile"
CVE-2023-39553,DrillHook
CVE-2023-39968,
CVE-2023-40017,`/proxy/?url=`
CVE-2023-40025,
CVE-2023-40028,content/
CVE-2023-40029,"kubectl.kubernetes.io/last-applied-configuration, server-side-apply"
CVE-2023-40170,--ContentsManager.files_handler_class=jupyter_server.files.handlers.FilesHandler
CVE-2023-40195,
CVE-2023-40273,secure_key
CVE-2023-40584,"repo-server, tar.gz, RBAC"
CVE-2023-40611,
CVE-2023-40712,task/dag
CVE-2023-41047,GCODE
CVE-2023-41048,plone.namedfile
CVE-2023-41058,"beforeFind, Parse.Query"
CVE-2023-41319,"allow_custom_connector_functions, fides.toml, FIDES__SECURITY__ALLOW_CUSTOM_CONNECTOR_FUNCTIONS, CONNECTOR_TEMPLATE_REGISTER"
CVE-2023-41835,struts.multipart.saveDir
CVE-2023-41885,BaseUser.login
CVE-2023-41933,
CVE-2023-42439,
CVE-2023-42781,DAGs
CVE-2023-43494,
CVE-2023-43496,
CVE-2023-43501,
CVE-2023-43502,
CVE-2023-43645,Check
CVE-2023-43668,"autoDeserizalize, allowLoadLocalInfile"
CVE-2023-44271,"ImageFont, ImageDraw"
CVE-2023-44400,
CVE-2023-45133,"`@babel/traverse`, `babel-traverse`, `path.evaluate()`, `path.evaluateTruthy()`, `@babel/plugin-transform-runtime`, `@babel/preset-env`, `useBuiltIns`, `@babel/helper-define-polyfill-provider`, `babel-plugin-polyfill-corejs3`, `babel-plugin-polyfill-corejs2`, `babel-plugin-polyfill-es-shims`, `babel-plugin-polyfill-regenerator`, `@babel/traverse@7.23.2`, `@babel/traverse@8.0.0-alpha.4`"
CVE-2023-45138,ChangeRequest.Code.ChangeRequestSheet
CVE-2023-4570,ni-measurementlink-service
CVE-2023-45805,"pdm.lock, foo-2-2.tar.gz, pyproject.toml"
CVE-2023-46104,
CVE-2023-46119,
CVE-2023-46288,expose_config
CVE-2023-46298,
CVE-2023-46604,
CVE-2023-46651,
CVE-2023-46729,
CVE-2023-46737,pkg/cosign.FetchAttestations
CVE-2023-46942,
CVE-2023-46943,
CVE-2023-47037,
CVE-2023-47090,$G
CVE-2023-47111,
CVE-2023-47114,
CVE-2023-47128,
CVE-2023-47265,DAG
CVE-2023-47641,chunked123
CVE-2023-48291,DAGs
CVE-2023-48292,Admin.RunShellCommand
CVE-2023-48293,Admin.SQLToolsGroovy
CVE-2023-48311,DockerSpawner.allowed_images
CVE-2023-48699,"`__locator__`, `locators.ini`, `page.py`"
CVE-2023-48713,
CVE-2023-48795,"chacha20-poly1305@openssh.com, -etm@openssh.com, ChaCha20-Poly1305, CBC, -etm@openssh.com, Dropbear, Ssh, PuTTY, AsyncSSH, golang.org/x/crypto, libssh2, Paramiko, SFTPGo, HPN-SSH, ProFTPD, CrushFTP, TinySSH, trilead-ssh2, LANconfig, FileZilla, Nova, PKIX-SSH, SecureCRT, Transmit5, Win32-OpenSSH, WinSCP, KiTTY"
CVE-2023-49068,
CVE-2023-49080,
CVE-2023-49081,
CVE-2023-49082,
CVE-2023-49276,
CVE-2023-49280,
CVE-2023-49299,
CVE-2023-49620,
CVE-2023-49803,"Access-Control-Allow-Origin, SOP"
CVE-2023-49804,
CVE-2023-49920,DAG
CVE-2023-50249,
CVE-2023-50290,
CVE-2023-50291,"/admin/info/properties, -Dsolr.hiddenSysProps, -Dbasicauth, -Dsolr.redaction.system.pattern=.*(password|secret|basicauth).*"
CVE-2023-50447,PIL.ImageMath.eval
CVE-2023-50710,"TrieRouter, RegExpRouter"
CVE-2023-5072,
CVE-2023-50726,"`create`, `override`, `applications, create`"
CVE-2023-50730,cats-parse
CVE-2023-50740,
CVE-2023-50765,
CVE-2023-50780,MBeans
CVE-2023-50783,
CVE-2023-51784,
CVE-2023-51785,
CVE-2023-51842,
CVE-2023-5571,
CVE-2023-5572,
CVE-2023-5573,vriteio/vrite
CVE-2023-5654,window.addEventListener
CVE-2023-6476,
CVE-2023-6681,
CVE-2024-0690,ANSIBLE_NO_LOG
CVE-2024-1102,"dbProperties, database-connection"
CVE-2024-1139,
CVE-2024-1735,
CVE-2024-21272,
CVE-2024-21485,"dash-core-components, dash-html-components"
CVE-2024-21503,"lines_with_leading_tabs_expanded, strings.py"
CVE-2024-21534,jsonpath-plus
CVE-2024-21669,document.proof
CVE-2024-22189,"NEW_CONNECTION_ID, RETIRE_CONNECTION_ID"
CVE-2024-22195,
CVE-2024-22196,"DefaultQuery, ""desc"", ""id"", sort_by"
CVE-2024-22197,"test_config_cmd, reload_cmd, restart_cmd"
CVE-2024-22198,
CVE-2024-22203,"app/routes.py, src_type, element_url, request.py"
CVE-2024-22204,"app/routes.py, os.path.join, pickle.dump"
CVE-2024-22205,`request.py`
CVE-2024-22258,
CVE-2024-22417,"app/routes.py, src_type, requests.py"
CVE-2024-22420,
CVE-2024-22421,"`Authorization`, `XSRFToken`, `jupyter-server`"
CVE-2024-23320,
CVE-2024-23334,follow_symlinks
CVE-2024-23635,preserveComments
CVE-2024-23637,
CVE-2024-23641,"@sveltejs/adapter-node, @sveltejs/kit"
CVE-2024-23683,InvocationTargetException
CVE-2024-23730,"OpenAPI, llama-hub"
CVE-2024-23820,ListObjects
CVE-2024-23827,app.ini
CVE-2024-23828,"test_config_cmd, start_cmd"
CVE-2024-23829,
CVE-2024-23840,
CVE-2024-23897,
CVE-2024-23898,
CVE-2024-23900,
CVE-2024-25128,
CVE-2024-25142,Cache-Control
CVE-2024-26135,control.ashx
CVE-2024-26280,
CVE-2024-26579,
CVE-2024-26580,
CVE-2024-27081,
CVE-2024-27083,
CVE-2024-27093,
CVE-2024-27102,
CVE-2024-27287,
CVE-2024-27290,
CVE-2024-27291,
CVE-2024-27292,
CVE-2024-27298,parse-server
CVE-2024-27305,smtpd.py
CVE-2024-27306,show_index
CVE-2024-27307,
CVE-2024-27318,external_data
CVE-2024-27319,"ONNX_ASSERT, ONNX_ASSERTM"
CVE-2024-27348,
CVE-2024-27349,
CVE-2024-27906,
CVE-2024-27916,"GetRepositoryByName, DeleteRepositoryByName, GetArtifactByName"
CVE-2024-27920,
CVE-2024-28102,"JWCrypto, JWK, JWS, JWE, python-cryptography"
CVE-2024-28152,
CVE-2024-28168,
CVE-2024-28175,link.argocd.argoproj.io
CVE-2024-28213,
CVE-2024-28219,_imagingcms.c
CVE-2024-28236,pull_request
CVE-2024-28237,
CVE-2024-28746,
CVE-2024-28855,"text/template, html/template"
CVE-2024-28863,node-tar
CVE-2024-28865,
CVE-2024-29019,
CVE-2024-29025,"HttpPostRequestDecoder, bodyListHttpData, undecodedChunk"
CVE-2024-29027,
CVE-2024-29033,"GoogleOAuthenticator.hosted_domain, allowed_users, allowed_google_groups"
CVE-2024-29131,
CVE-2024-29133,
CVE-2024-29203,
CVE-2024-29650,"mutIn, mutInManyUnsafe"
CVE-2024-29735,AIRFLOW_HOME/logs
CVE-2024-29881,
CVE-2024-29902,
CVE-2024-29903,
CVE-2024-30251,
CVE-2024-30850,"BuildClient, client_service.go"
CVE-2024-31207,server.fs.deny
CVE-2024-31208,
CVE-2024-31223,SERVER_SIDE_FIDES_API_URL
CVE-2024-31452,Check
CVE-2024-31455,
CVE-2024-31636,
CVE-2024-31869,"webserver.expose_config, expose_config"
CVE-2024-32077,
CVE-2024-32114,conf/jetty.xml
CVE-2024-32656,antmedia.service
CVE-2024-32869,serveStatic
CVE-2024-32874,secure_filename
CVE-2024-32875,
CVE-2024-32977,"autologinLocal, config.yaml, localNetworks, X-Forwarded-For"
CVE-2024-33434,buildStr
CVE-2024-34064,
CVE-2024-34066,ignore_panel_config_updates
CVE-2024-34068,api.disable_remote_download
CVE-2024-34083,"smtpd.py, STARTTLS"
CVE-2024-34084,HandleGithubWebhook
CVE-2024-34350,
CVE-2024-34351,
CVE-2024-34712,"Client.rest.channels.removeBan, ../../../channels/{id}, /api/v10/channels/{id}, encodeURIComponent"
CVE-2024-35178,
CVE-2024-35185,
CVE-2024-35194,
CVE-2024-35238,"getAttestationReply, orgs/$owner/attestations/$checksumref, AttestationReply"
CVE-2024-36105,"INADDR_ANY, IN6ADDR_ANY, dbt-core"
CVE-2024-36106,
CVE-2024-36268,
CVE-2024-37152,"/api/v1/settings, passwordPattern"
CVE-2024-37169,
CVE-2024-37300,"GlobusOAuthenticator, allow_all, identity_provider"
CVE-2024-37301,
CVE-2024-37820,expression.inferCollation
CVE-2024-37890,"server.maxHeadersCount, --max-http-header-size=size"
CVE-2024-37904,"`github.com/go-git/go-git/v5`, `CloneOptions`"
CVE-2024-38356,noneditable_regexp
CVE-2024-38357,
CVE-2024-38364,Bitstream
CVE-2024-38375,@fastly/js-compute
CVE-2024-38537,"fides.js, polyfill.io"
CVE-2024-39031,"Titre, Description"
CVE-2024-39309,
CVE-2024-39460,
CVE-2024-39690,ownerReference
CVE-2024-39713,
CVE-2024-39863,
CVE-2024-39877,doc_md
CVE-2024-39905,@commands.can_manage_channel()
CVE-2024-39918,ImageId
CVE-2024-39919,ALLOW_LIST
CVE-2024-39928,RandomStringUtils
CVE-2024-40094,ExecutableNormalizedFields
CVE-2024-40453,options.varName
CVE-2024-40642,"BinaryHttpParser, readRequestHead, ByteBuf, DefaultBinaryHttpRequest"
CVE-2024-41111,
CVE-2024-41121,
CVE-2024-41122,
CVE-2024-41667,"getCustomLoginUrlTemplate, RealmOAuth2ProviderSettings.java, CustomLoginUrlTemplate, TemplateClassResolver.SAFER_RESOLVER"
CVE-2024-41909,
CVE-2024-41937,
CVE-2024-41942,"`admin:users`, `admin=True`, `groups`"
CVE-2024-41948,
CVE-2024-42367,"FileResponse, Path.stat(), Path.open()"
CVE-2024-42369,"getRoomUpgradeHistory, leaveRoomChain"
CVE-2024-42471,"downloadArtifactInternal, downloadArtifactPublic, streamExtractExternal"
CVE-2024-42474,
CVE-2024-43044,ClassLoaderProxy#fetchJar
CVE-2024-43045,
CVE-2024-43202,
CVE-2024-43405,
CVE-2024-43409,
CVE-2024-43787,isRequestedByFormElementRe
CVE-2024-43788,AutoPublicPathRuntimeModule
CVE-2024-45037,"RestApi, CognitoUserPoolAuthorizer"
CVE-2024-45053,Jinja2
CVE-2024-45244,
CVE-2024-45314,
CVE-2024-45391,tina-lock.json
CVE-2024-45496,"git-clone, .gitconfig"
CVE-2024-45812,"__VITE_ASSET__, document.currentScript"
CVE-2024-45858,
CVE-2024-47080,"MatrixClient.sendSharedHistoryKeys, MatrixClient.initRustCrypto(), MatrixClient.initCrypto()"
CVE-2024-47178,basic-auth-connect
CVE-2024-47183,
CVE-2024-47533,utils.get_shared_secret()
CVE-2024-47535,
CVE-2024-47876,
CVE-2024-47885,ViewTransitions
CVE-2024-48913,
CVE-2024-49377,
CVE-2024-49580,
CVE-2024-51493,
CVE-2024-5187,download_model_with_test_data
CVE-2024-52008,`/api/v1/user/accept-invite`
CVE-2024-52010,"HandleCreateProxySession, sshCommand"
CVE-2024-52303,"MatchInfoError, aiohttp.web"
CVE-2024-52304,AIOHTTP_NO_EXTENSIONS
CVE-2024-52524,
CVE-2024-52787,upload_documents
CVE-2024-53261,"packages/kit/src/exports/vite/dev/index.js, packages/kit/src/exports/vite/utils.js"
CVE-2024-53262,"error.html, %sveltekit.status%, %sveltekit.error.message%"
CVE-2024-6091,
CVE-2024-6345,
CVE-2024-6833,
CVE-2024-6961,
CVE-2024-7042,
CVE-2024-7340,
CVE-2024-7387,"spec.source.secrets.secret.destinationDir, BuildConfig"
CVE-2024-7774,"getFullPath, setFileContent, getParsedFile"
CVE-2024-8572,"PageRenderHtmlByAlias, FrontendHandler.go"
CVE-2024-8676,