,owner,repo,avg_patch_token_count
1490,jsreport,jsreport,45232244.0
486,bcgit,bc-java,5554722.666666667
2322,tobychui,zoraxy,3973591.5
1441,jgraph,mxgraph,2987909.0
468,aws,aws-sdk-java,2278572.0
1982,pocketbase,pocketbase,1651506.0
1960,pingidentity,ldapsdk,1485135.0
2377,vanessa219,vditor,1147246.0
1595,lightning-ai,pytorch-lightning,894080.0
647,cronvel,terminal-kit,699493.0
1979,plotly,dash,686557.0
1034,heroiclabs,nakama,685253.0
1531,kimmobrunfeldt,progressbar.js,643544.0
68,Formstone,Formstone,579592.0
89,IceWhaleTech,CasaOS,504890.3333333333
575,ckeditor,ckeditor4,389226.6666666667
1756,mscdex,ssh2,384976.0
1480,jquery-ui-rails,jquery-ui-rails,353492.0
656,cvxopt,cvxopt,341242.0
1087,indutny,elliptic,335170.71428571426
2403,vriteio,vrite,334633.0
898,futurepress,epub.js,319871.0
655,cure53,DOMPurify,309203.25
1453,joeattardi,emoji-button,305306.5
221,TooTallNate,plist.js,303606.0
2458,xiboon,kurwov,288068.0
1226,jenkinsci,dependency-check-plugin,285935.0
812,evmos,evmos,285049.0
99,JSONPath-Plus,JSONPath,284722.5
558,chaijs,get-func-name,257061.0
1539,kjur,jsrsasign,240821.66666666666
2454,xCss,Valine,235468.0
677,decentraland,single-sign-on-client,221334.0
62,FasterXML,jackson-dataformats-binary,218378.5
1810,node-red,node-red-dashboard,192394.0
1573,langchain-ai,langchain,191066.26315789475
1476,jpuri,react-draft-wysiwyg,184044.0
1134,jashkenas,underscore,176455.0
31,BishopFox,sliver,174229.25
1647,mardiros,pyshop,167467.0
2391,victornpb,asciitable.js,163432.0
2193,skratchdot,object-path-set,145635.0
1008,handsontable,formula-parser,133527.0
1646,marcelodolza,iziModal,126221.0
844,fastify,fastify-passport,124404.0
3,3rd-Eden,useragent,118448.0
2090,richfaces,richfaces,117740.0
1026,hashicorp,terraform,117524.0
1112,isaacs,minimatch,117353.0
2488,yuda-lyu,w-zip,115174.0
2272,strikeentco,set,112890.0
608,codenotary,immudb,112455.0
551,cdent,pastescript,107372.0
4,75lb,deep-merge,101223.0
2402,voodoocreation,ts-deepmerge,96904.0
1942,peerigon,angular-expressions,94928.0
455,auth0,express-openid-connect,94290.5
535,bustle,mobiledoc-kit,88001.0
2426,webpack,loader-utils,87224.0
1599,linkedin,dustjs,86823.0
2407,vvakame,fs-git,85905.0
1671,maximebf,php-debugbar,81017.0
1760,mycolorway,simditor,80286.0
628,containers,storage,75258.0
2104,rooseveltframework,teddy,74981.0
890,frenchbread,private-ip,74394.0
1564,kucherenko,blamer,73064.5
1214,jenkinsci,copyartifact-plugin,71676.0
1805,nocodb,nocodb,69922.0
943,gogo,protobuf,69346.0
2281,swagger-api,swagger-codegen,67234.5
2016,pubnub,go,65467.0
1582,leeoniya,uPlot,61719.0
2349,twbs,bootstrap-rubygem,61599.0
286,alvarotrigo,fullpage.js,59247.0
2068,redis,redis-py,59207.0
168,PeterMu,nodebatis,58946.0
457,auth0,nextjs-auth0,56842.5
1878,openpgpjs,openpgpjs,56643.0
184,RasaHQ,rasa,56473.0
2189,sintaxi,harp,51629.0
208,Stuk,jszip,49026.5
266,ahdinosaur,set-in,48343.5
762,eclipse-edc,Connector,47776.5
136,NaturalIntelligence,fast-xml-parser,47292.0
1020,hashicorp,consul,46363.0
716,dnsjava,dnsjava,45631.0
152,OctoPrint,OctoPrint,44773.5
76,GeyserMC,Geyser,42140.0
761,eclipse-cdt,cdt,42078.0
2443,wireapp,wire-avs,41923.0
1650,markedjs,marked,41338.0
1761,mymarilyn,clickhouse-driver,41252.5
198,SecureAuthCorp,impacket,40923.5
1731,mongo-express,mongo-express,40497.333333333336
2035,python,cpython,40054.5
2112,rumkin,keyget,39383.0
2264,steveukx,git-js,39002.666666666664
2405,vuestorefront,storefront-api,38602.0
704,discordjs,opus,38453.0
202,SimonWaldherr,zplgfa,37951.0
1232,jenkinsci,dingtalk-plugin,37501.0
1048,hoppscotch,hoppscotch,36736.0
1801,nielsbasjes,yauaa,36609.0
952,google,brotli,35925.0
172,PrismJS,prism,33952.333333333336
1578,lautis,uglifier,33526.0
1904,openstack,neutron,33481.36363636364
1096,ioBroker,ioBroker.admin,33398.0
121,Maheshkumar-Kakade,otp-generator,33218.0
372,apache,mina-sshd,32393.428571428572
44,DCKT,localhost-now,30685.0
467,aws,aws-sdk-go,30015.0
1444,jhpyle,docassemble,29267.0
1327,jenkinsci,neoload-plugin,29020.0
2452,wso2,carbon-registry,28511.666666666668
836,fardog,trailing-slash,28173.0
1641,manvel-khnkoyan,jpv,27845.0
2027,pygments,pygments,26672.5
1070,hyperledger,aries-cloudagent-python,26553.0
689,devfile,registry-support,26545.0
1740,moxiecode,plupload,26489.0
1956,pillarjs,path-to-regexp,25969.0
498,bigpipe,predefine,25899.0
1530,kiali,kiali,25813.0
667,datacharmer,dbdeployer,25586.0
925,givanz,VvvebJs,25348.5
737,drudru,ansi_up,24631.0
1182,jenkinsci,bitbucket-branch-source-plugin,24222.5
456,auth0,lock,23815.0
191,SAP,cloud-security-services-integration-library,23809.0
1407,jenkinsci,tics-plugin,23301.0
2267,stleary,JSON-java,23021.0
1640,manuelstofer,json-pointer,22844.5
1506,jupyterhub,jupyter-server-proxy,22367.0
907,geoserver,geoserver,22084.0
1817,nodemailer,nodemailer,21859.0
1439,jetty-project,codehaus-jetty6,21531.333333333332
1418,jenkinsci,vsphere-cloud-plugin,21396.0
984,graphql,graphiql,21039.333333333332
128,MobSF,Mobile-Security-Framework-MobSF,20550.2
2344,trufflesecurity,trufflehog,20291.0
868,fleetdm,fleet,20020.0
2183,sindresorhus,file-type,20010.0
2099,rollup,rollup,19827.0
1132,jarofghosts,glance,19741.0
687,developmentil,ecdh,19677.0
2181,simpleledger,slpjs,19662.666666666668
996,gulpjs,copy-props,19571.0
92,IdentityPython,pysaml2,19396.4
1321,jenkinsci,meliora-testlab-plugin,19382.0
2118,russellhaering,goxmldsig,19278.0
1120,jackc,pgproto3,19243.0
749,eXist-db,exist,18963.0
1060,httpie,httpie,18655.0
648,cronvel,tree-kit,17957.5
1568,kyubisation,angular-server-side-configuration,17690.0
1917,ory,oathkeeper,17589.0
732,dromara,Sa-Token,17499.0
1221,jenkinsci,custom-checkbox-parameter-plugin,17366.0
346,apache,geode,17242.25
375,apache,nifi,17036.555555555555
1808,node-opcua,node-opcua,16996.0
1042,hlfshell,controlled-merge,16991.0
132,MrRio,jsPDF,16829.0
1864,openapi-generators,openapi-python-client,16687.0
1215,jenkinsci,coverity-plugin,16616.0
1076,ijl,orjson,16520.0
1834,nprapps,pym.js,16494.0
1105,ipfs,go-unixfsnode,16410.666666666668
1220,jenkinsci,custom-build-properties-plugin,16332.0
1916,ory,fosite,16293.333333333334
1666,mattermost,mattermost-plugin-channel-export,16040.0
1758,multiversx,mx-chain-go,15795.0
592,cloudflare,workers-sdk,15688.2
2191,sjwall,mdx-mermaid,15683.0
684,deoxxa,dotty,15665.5
2029,pyload,pyload,15582.2
343,apache,flex-blazeds,15548.0
1451,joajfreitas,marcador,15451.0
1597,line,armeria,15231.25
581,claviska,jquery-minicolors,15103.0
10,AdguardTeam,AdGuardHome,15001.0
909,geotools,geotools,14840.0
671,davideicardi,confinit,14476.0
2206,snyk,snyk-eclipse-plugin,14451.0
1794,nfriedly,node-bestzip,14400.0
1237,jenkinsci,ec2-plugin,14168.333333333334
2471,xwikisas,application-licensing,14155.0
2466,xwiki,xwiki-rendering,14090.0
956,google,go-attestation,13856.0
248,abhinavsingh,proxy.py,13751.0
363,apache,jspwiki,13654.285714285714
1876,openjdk,jfx,13579.0
1254,jenkinsci,generic-webhook-trigger-plugin,13387.5
465,aws,aws-cdk,13074.0
759,eclipse,xtext-xtend,12872.0
1592,liferay,liferay-portal,12862.0
1562,kubernetes-sigs,secrets-store-csi-driver,12856.0
2015,pterodactyl,wings,12776.666666666666
2270,strawberry-graphql,strawberry,12776.0
529,btcsuite,btcd,12762.0
1987,pomerium,pomerium,12570.5
1981,pnpm,pnpm,12513.0
1928,pandatix,go-cvss,12500.0
164,OpenZeppelin,cairo-contracts,12465.0
1184,jenkinsci,blueocean-plugin,12453.0
886,franciscop,translate,12297.5
41,Consensys,gnark,12286.0
187,RocketChat,Rocket.Chat,12266.0
392,apache,shenyu,11954.666666666666
339,apache,dolphinscheduler,11943.4
986,graphql,graphql-playground,11901.0
957,google,go-tpm,11875.0
1162,jenkinsci,appspider-build-scanner-plugin,11734.0
2164,shubhamjain,svg-loader,11645.0
1061,httplib2,httplib2,11628.333333333334
2010,psf,requests,11582.5
1877,opennetworkinglab,onos,11541.0
320,apache,ant-ivy,11501.0
328,apache,cassandra,11427.5
49,DataDog,guarddog,11422.5
1899,openstack,magnum,11383.0
2301,theupdateframework,go-tuf,11221.666666666666
354,apache,incubator-hugegraph,11220.0
2237,spring-projects,spring-security,11216.0
441,argoproj,argo-cd,11152.0
2151,scrapy-plugins,scrapy-splash,11142.0
1813,node-saml,xml-crypto,10800.0
229,Uniswap,universal-router,10690.0
1059,http4s,http4s,10573.0
878,flyteorg,flyteadmin,10562.666666666666
2171,sigstore,policy-controller,10537.0
1875,openfga,openfga,10520.625
2294,tauri-apps,tauri,10504.0
1124,janeczku,calibre-web,10455.363636363636
1053,hornetq,hornetq,10321.0
1338,jenkinsci,openstack-cloud-plugin,10307.0
458,auth0,node-jsonwebtoken,10221.0
1188,jenkinsci,bumblebee-plugin,10176.0
1669,mattinsler,connie-lang,10148.0
63,FasterXML,jackson-dataformats-text,9996.0
2000,projectcontour,contour,9930.0
2243,sqlalchemy,sqlalchemy,9812.0
422,apereo,cas,9791.0
2053,qos-ch,logback,9787.4
2336,traefik,traefik,9727.5
263,aerospike,aerospike-client-java,9675.0
771,edgexfoundry,app-functions-sdk-go,9603.0
1231,jenkinsci,digitalocean-plugin,9563.0
1542,knockout,knockout,9546.0
461,authzed,spicedb,9457.625
13,AkshuDev,PheonixAppAPI,9435.0
72,Gallopsled,pwntools,9409.0
1648,mariocasciaro,object-path,9373.666666666666
1311,jenkinsci,mabl-integration-plugin,9372.0
2372,usememos,memos,9279.157894736842
1992,prisma-labs,graphql-playground,9228.0
1115,istio,istio,9214.0
151,OceanicJS,Oceanic,9207.0
944,gogs,gogs,9192.90909090909
2233,spring-projects,spring-integration,9176.5
557,certifi,python-certifi,9127.333333333334
1009,hapifhir,org.hl7.fhir.core,9095.0
1258,jenkinsci,git-client-plugin,8989.0
188,SAML-Toolkits,python-saml,8937.0
223,TryGhost,Ghost,8908.2
902,gematik,app-referencevalidator,8867.0
2169,sigstore,cosign,8829.6
70,FuelLabs,fuels-ts,8717.0
885,fracpete,vfsjfilechooser2,8705.0
2086,rhuss,jolokia,8661.5
333,apache,cordova-android,8652.0
1402,jenkinsci,teamconcert-plugin,8630.0
1058,http4s,blaze,8554.0
2200,snapcore,snapd,8533.0
1667,mattermost,mattermost-plugin-jira,8481.0
1416,jenkinsci,vmanager-plugin,8405.0
1235,jenkinsci,dockerhub-notification-plugin,8398.0
1175,jenkinsci,azure-credentials-plugin,8351.0
1411,jenkinsci,upload-pgyer-plugin,8257.0
364,apache,juddi,8246.0
1777,nautobot,nautobot,8197.1
644,crewjam,saml,8146.5
1422,jenkinsci,workflow-cps-global-lib-plugin,8095.0
1943,peopledoc,vault-cli,8048.0
1167,jenkinsci,aws-codebuild-plugin,7984.0
797,ericcornelissen,shescape,7962.2
2460,xmldom,xmldom,7945.0
1323,jenkinsci,metrics-plugin,7928.0
55,DylanVann,react-native-fast-image,7902.0
537,buttercup,buttercup-core,7866.0
2235,spring-projects,spring-kafka,7847.0
609,coder,code-server,7834.0
1989,prefecthq,prefect,7833.0
611,codex-team,editor.js,7803.0
203,SmartBear,soapui,7798.0
451,aurelia,path,7709.0
1071,hyperledger,fabric,7672.0
913,gevent,gevent,7620.0
760,eclipse-californium,californium,7617.0
1661,matrix-org,matrix-js-sdk,7537.25
384,apache,qpid-proton-j,7533.0
1257,jenkinsci,git-changelog-plugin,7528.0
278,albertito,chasquid,7363.0
277,akka,akka-http,7341.0
2317,tlsfuzzer,tlslite-ng,7328.0
2150,scrapy,scrapy,7299.333333333333
1156,jenkinsci,active-directory-plugin,7261.0
2199,snapcore,snapcraft,7166.0
1854,ome,omero-web,7136.666666666667
47,DIYgod,RSSHub,7126.142857142857
344,apache,flink,7125.0
1637,man-group,dtale,7121.333333333333
493,benoitc,gunicorn,7107.0
906,gentoo,portage,7036.0
629,containous,traefik,7026.666666666667
2103,ronsigal,Resteasy,6999.0
2378,vantage6,vantage6,6987.6
1802,nitely,spirit,6987.0
534,buildkite,elastic-ci-stack-for-aws,6979.0
1571,labstack,echo,6911.5
1995,project-zot,zot,6891.0
323,apache,avro,6882.0
649,crossplane,crossplane-runtime,6840.5
1195,jenkinsci,cloudfoundry-plugin,6822.0
1403,jenkinsci,templating-engine-plugin,6814.0
119,MISP,MISP-maltego,6799.0
894,frouriojs,frourio-express,6758.0
411,apache,tomcat55,6733.0
1234,jenkinsci,docker-plugin,6711.0
474,awslabs,fhir-works-on-aws-authz-smart,6707.0
2205,snyk,cli,6687.0
2362,udecode,plate,6657.0
253,actions,toolkit,6645.0
875,fluxcd,kustomize-controller,6632.0
30,BerriAI,litellm,6608.25
365,apache,kafka,6597.0
1406,jenkinsci,testng-plugin-plugin,6587.0
1812,node-saml,passport-saml,6585.0
634,coredns,coredns,6585.0
2036,python-babel,babel,6579.0
669,davedoesdev,python-jwt,6544.5
1025,hashicorp,nomad,6529.333333333333
728,dragonflyoss,Dragonfly2,6496.0
958,google,guava,6496.0
509,bonitasoft,bonita-engine,6489.4
1037,hibernate,hibernate-validator,6449.444444444444
1343,jenkinsci,parameterized-trigger-plugin,6443.0
595,cloudfoundry,uaa,6374.571428571428
893,frouriojs,frourio,6332.0
1891,openstack,cinder,6326.4
914,giampaolo,psutil,6269.0
1339,jenkinsci,ownership-plugin,6227.0
2423,webiny,webiny-js,6152.0
873,fluid-cloudnative,fluid,6105.0
1292,jenkinsci,jira-plugin,6093.0
2331,tortoise,tortoise-orm,6089.0
2370,urllib3,urllib3,6067.5
2260,stashapp,stash,6065.0
923,gitpod-io,gitpod,6042.0
930,go-macaron,i18n,6041.0
723,dom4j,dom4j,5988.5
536,busykoala,fastapi-opa,5973.5
1605,litestar-org,litestar,5910.5
1208,jenkinsci,config-file-provider-plugin,5908.833333333333
1972,plantuml,plantuml,5850.0
1948,pgadmin-org,pgadmin4,5820.833333333333
612,codingjoe,django-s3file,5786.0
2309,tiagorlampert,CHAOS,5783.666666666667
1702,mindsdb,mindsdb,5746.0
1697,microsoft,onefuzz,5731.0
417,apache,xerces2-j,5729.5
368,apache,linkis,5702.0
2074,relekang,django-nopassword,5695.0
2085,rhalff,dot-object,5666.0
174,PyGreSQL,PyGreSQL,5657.0
1450,jmurty,java-xmlbuilder,5629.0
1820,notaryproject,notation,5596.0
804,ethereum,go-ethereum,5566.666666666667
1409,jenkinsci,tinfoil-scan-plugin,5554.0
1075,igniterealtime,Openfire,5548.75
1856,omrilotan,async-git,5546.0
1525,keycloak,keycloak,5532.909090909091
399,apache,solr,5528.0
2492,zenml-io,zenml,5524.555555555556
940,gofiber,fiber,5514.75
1392,jenkinsci,sounds-plugin,5474.0
2335,tqdm,tqdm,5473.0
964,googleapis,google-oauth-java-client,5432.5
2225,spacemeshos,api,5428.0
1780,nektos,act,5403.0
711,django-cms,djangocms-attributes-field,5403.0
2071,reg-viz,reg-suit,5371.0
1438,jetty,jetty.project,5359.0
2314,tinymce,tinymce,5349.5
2174,simenkid,mt7688-wiscan,5334.0
1425,jenkinsci,workflow-multibranch-plugin,5293.0
1500,jupyter-lsp,jupyterlab-lsp,5267.0
617,cometd,cometd,5241.0
2056,quarkiverse,quarkus-cxf,5200.0
1361,jenkinsci,rebuild-plugin,5183.0
116,Legrandin,pycryptodome,5179.0
1252,jenkinsci,fortify-plugin,5178.5
335,apache,cxf-fediz,5148.0
78,GoogleChrome,rendertron,5145.0
831,facebook,react,5141.0
1,1Panel-dev,1Panel,5126.333333333333
642,crate,crate,5115.0
1712,miurahr,py7zr,5108.0
1103,ipfs,go-ipfs,5092.5
918,git-lfs,git-lfs,5091.0
1532,kindspells,astro-shield,5062.0
1414,jenkinsci,violation-comments-to-gitlab-plugin,5055.0
1278,jenkinsci,hashicorp-vault-plugin,5051.333333333333
470,aws,efs-utils,5029.0
1317,jenkinsci,matrix-auth-plugin,5029.0
1390,jenkinsci,snsnotify-plugin,5020.0
1612,localstack,localstack,4991.0
2374,valexandersaulys,tiny-csrf,4963.0
1161,jenkinsci,ansible-plugin,4960.333333333333
2179,simpleledger,slp-validate,4944.0
2159,senchalabs,connect,4925.0
1399,jenkinsci,support-core-plugin,4903.0
1970,plaidweb,webmention.js,4893.0
1940,pediapress,pyfribidi,4875.0
1349,jenkinsci,pipeline-utility-steps-plugin,4866.0
57,ElrondNetwork,elrond-go,4858.5
334,apache,cxf,4853.4375
1879,opensearch-project,security,4815.0
700,digitalbazaar,forge,4808.5
106,KindSpells,astro-shield,4807.5
721,dojo,dojox,4801.5
403,apache,struts,4766.6
1797,ni,measurementlink-python,4750.0
2132,samtools,htsjdk,4739.0
1435,jenkinsci,zulip-plugin,4716.0
899,galkahana,HummusJS,4712.0
1281,jenkinsci,htmlpublisher-plugin,4703.0
1784,neocotic,convert-svg,4693.0
1408,jenkinsci,timestamper-plugin,4653.0
1191,jenkinsci,ci-with-toad-edge-plugin,4644.666666666667
387,apache,rocketmq,4613.5
2386,vercel,serve,4594.0
726,dottgonzo,node-promise-probe,4587.0
1149,jcubic,sysend.js,4573.0
1236,jenkinsci,dynatrace-plugin,4567.5
2425,webmproject,libwebp,4552.0
1101,ipfs,boxo,4530.333333333333
1330,jenkinsci,nodejs-plugin,4528.0
1433,jenkinsci,zap-pipeline-plugin,4508.0
437,archesproject,arches,4495.0
1253,jenkinsci,gatling-plugin,4495.0
1219,jenkinsci,crx-content-package-deployer-plugin,4489.0
780,elastic,elasticsearch,4483.0
1908,openstack,python-keystoneclient,4479.5
1543,knowledgecode,date-and-time,4479.0
640,couchbase,sync_gateway,4450.0
1906,openstack,octavia,4450.0
317,apache,activemq-artemis,4443.5
2066,rclone,rclone,4412.0
173,ProgVal,Limnoria,4403.0
1770,naparuba,shinken,4402.0
854,fb55,nth-check,4389.0
1018,haraldk,TwelveMonkeys,4386.0
2464,xwiki,xwiki-commons,4380.5
1022,hashicorp,go-getter,4356.0
960,google,safearchive,4348.0
1829,npm,node-semver,4343.0
1255,jenkinsci,gerrit-trigger-plugin,4331.666666666667
2448,woodpecker-ci,woodpecker,4328.5
1229,jenkinsci,deployer-framework-plugin,4296.5
2468,xwiki-contrib,application-changerequest,4282.0
1844,oauth2-proxy,oauth2-proxy,4277.333333333333
1494,juju,juju,4275.666666666667
736,dropwizard,dropwizard,4267.0
1055,hpcng,singularity,4264.0
2354,txthinking,brook,4263.0
359,apache,jackrabbit,4262.8
1693,micromatch,micromatch,4240.0
1755,mrvautin,expressCart,4229.0
630,containrrr,shoutrrr,4222.0
426,apollographql,router,4206.0
1285,jenkinsci,inedo-buildmaster-plugin,4189.0
1159,jenkinsci,anchore-container-scanner-plugin,4173.0
768,eclipse-theia,theia,4153.0
989,greenpau,go-authcrunch,4148.0
305,ansibleguy,webui,4133.0
1029,hashicorp,vault-plugin-secrets-gcp,4130.0
966,gophish,gophish,4124.5
1734,mongodb,mongo-tools,4119.0
1377,jenkinsci,saml-plugin,4111.5
1664,matrix-org,synapse,4111.047619047619
1352,jenkinsci,plugin-installation-manager-tool,4099.0
2138,savon-noir,python-libnmap,4060.0
784,element-hq,synapse,4057.0
1345,jenkinsci,pipeline-input-step-plugin,4049.0
1290,jenkinsci,jenkins-cloudformation-plugin,4048.0
977,grafana,agent,4045.0
1421,jenkinsci,windows-slaves-plugin,4030.0
200,Silverpeas,Silverpeas-Core,4023.0
2057,quarkusio,quarkus,4017.0
2465,xwiki,xwiki-platform,3998.144578313253
1473,jpadilla,pyjwt,3989.0
1959,pingcap,tidb,3987.5
1883,openshift,cluster-monitoring-operator,3983.0
160,OpenNMS,opennms,3961.75
1372,jenkinsci,role-strategy-plugin,3951.0
2014,ptaoussanis,nippy,3947.0
342,apache,felix-dev,3943.0
811,evershopcommerce,evershop,3936.5
1289,jenkinsci,jenkins,3934.7414965986395
1638,mannyvergel,oils-js,3915.0
1533,kiorky,SOAPpy,3912.0
1764,mysqljs,mysql,3911.0
2218,solana-labs,solana-web3.js,3901.0
758,eclipse,vert.x,3895.0
1209,jenkinsci,configuration-as-code-plugin,3879.0
125,Masterminds,vcs,3869.0
1493,jsuites,jsuites,3865.3333333333335
327,apache,camel,3830.88
1683,mermaid-js,mermaid,3830.5
2340,trentm,json,3818.0
2255,stacklok,minder,3797.875
2338,transloadit,uppy,3795.0
1757,mudler,localai,3776.0
1155,jenkinsci,active-choices-plugin,3775.0
722,dollarshaveclub,shave,3756.0
1866,opencast,opencast,3752.176470588235
402,apache,streampipes,3749.0
798,erudika,para,3742.5
646,cronvel,string-kit,3733.0
795,entronad,crypto-es,3729.0
2106,roundup-tracker,roundup,3726.0
1136,jasonmayes,Twitter-Post-Fetcher,3725.0
1077,ikus060,rdiffweb,3723.0
729,drakkan,sftpgo,3715.5
190,SAP,cloud-security-client-go,3712.0
1882,openshift,builder,3707.0
1288,jenkinsci,jabber-plugin,3693.0
2126,saleor,saleor,3690.5
1949,pgjdbc,pgjdbc,3682.0
1395,jenkinsci,ssh-agent-plugin,3679.0
295,angular,angular.js,3676.25
1260,jenkinsci,git-plugin,3669.25
1831,npm,npm,3662.5
1089,infinispan,infinispan,3660.6666666666665
337,apache,derby,3654.777777777778
156,OpenC3,cosmos,3651.3333333333335
192,SAP,less-openui5,3639.0
52,DataTables,Dist-DataTables,3638.0
1193,jenkinsci,cloud-stats-plugin,3635.0
1786,nescalante,urlregex,3627.0
948,golang,go,3611.0
1282,jenkinsci,http-request-plugin,3609.0
1863,open-telemetry,opentelemetry-python-contrib,3581.0
2197,snakeyaml,snakeyaml,3575.0
1694,micronaut-projects,micronaut-core,3569.8333333333335
786,elves,elvish,3549.0
2231,spring-projects,spring-boot,3540.8
1031,hazelcast,hazelcast,3529.3333333333335
908,geosolutions-it,jai-ext,3528.0
393,apache,shiro,3527.0
975,gradio-app,gradio,3525.5625
442,argoproj,argo-workflows,3513.0
607,codenameone,CodenameOne,3511.0
261,adobe,css-tools,3508.0
2451,wso2,carbon-identity-framework,3503.0
2396,visjs,vis-timeline,3501.0
2037,python-bugzilla,python-bugzilla,3500.0
2472,xwikisas,identity-oauth,3496.0
352,apache,incubator-answer,3489.0
1308,jenkinsci,logstash-plugin,3479.0
194,SagerNet,sing-box,3464.0
2453,x-stream,xstream,3458.0
2172,sigstore,rekor,3455.5
526,browserslist,browserslist,3443.0
1190,jenkinsci,cavisson-ns-nd-integration-plugin,3436.6666666666665
2232,spring-projects,spring-framework,3430.28
154,OneUptime,oneuptime,3417.0
2244,sqlfluff,sqlfluff,3413.0
390,apache,servicecomb-java-chassis,3404.5
2438,widgetti,solara,3402.0
1529,khoj-ai,khoj,3395.0
2173,sigstore,sigstore-go,3384.0
1382,jenkinsci,seleniumhtmlreport-plugin,3359.0
1684,mermaid-js,zenuml-core,3358.0
705,distribution,distribution,3335.5
1574,langchain-ai,langchainjs,3329.0
1098,ionicabizau,parse-path,3328.0
113,KyleRoss,windows-cpu,3326.0
313,anymail,django-anymail,3312.5
884,foxcpp,maddy,3307.6666666666665
935,go-vela,worker,3304.0
822,expressjs,serve-index,3300.0
2400,voila-dashboards,voila,3299.0
846,fastify,fastify-secure-session,3273.0
1324,jenkinsci,mq-notifier-plugin,3265.0
814,excalidraw,excalidraw,3256.0
519,brianvoe,slim-select,3255.0
1086,indico,indico,3252.0
1007,handlebars-lang,handlebars.js,3237.0
938,goauthentik,authentik,3236.0
376,apache,nifi-registry,3235.0
284,alist-org,alist,3234.0
1306,jenkinsci,liquibase-runner-plugin,3228.4
1790,netty,netty,3218.8333333333335
2052,pywbem,pywbem,3206.0
972,gorilla,websocket,3201.0
495,beobal,cassandra,3195.0
962,google,tink,3189.0
2475,yaml,pyyaml,3188.0
1869,opencontainers,runc,3179.0
279,alerta,alerta,3172.0
838,fastify,fastify,3166.6666666666665
2387,vert-x3,vertx-stomp,3150.0
2429,webrecorder,pywb,3133.0
1705,minio,minio,3132.2
406,apache,syncope,3129.6666666666665
94,IoFinnet,threshlib,3126.0
150,OWASP,json-sanitizer,3123.0
149,OWASP,java-html-sanitizer,3119.0
1512,jupyterlab,jupyterlab,3111.0
1370,jenkinsci,robot-plugin,3106.0
1993,prismjs,prism,3102.0
805,ethyca,fides,3088.5555555555557
2229,spring-cloud,spring-cloud-netflix,3077.0
1672,mayan-edms,mayan-edms,3077.0
1670,mattkrick,sanitize-svg,3072.0
1524,kevva,decompress,3064.0
2098,rohe,pysaml2,3060.0
182,QwikDev,qwik,3059.0
1294,jenkinsci,job-dsl-plugin,3059.0
1913,openstack,tripleo-heat-templates,3045.6666666666665
1400,jenkinsci,swarm-plugin,3042.0
1223,jenkinsci,dashboard-view-plugin,3041.0
572,cisco,node-jose,3038.0
2050,pytroll,donfig,3038.0
2428,webpack,webpack-dev-middleware,3032.0
2045,python-rope,rope,3031.0
1783,neo4j-contrib,neo4j-apoc-procedures,3030.0
801,eta-dev,eta,3028.0
1698,microsoft,typed-rest-client,3017.0
1695,micropython,micropython,3014.3333333333335
490,ben-sb,javascript-deobfuscator,3010.0
338,apache,directory-studio,3010.0
2446,wolfi-dev,wolfictl,3008.0
2105,rosen-vladimirov,global-modules-path,3005.0
2459,xjodoin,torpedoquery,2999.0
2366,unclechu,node-deep-extend,2995.0
69,FreeOpcUa,opcua-asyncio,2986.25
872,florianholzapfel,express-restify-mongoose,2979.0
2324,togglz,togglz,2979.0
1405,jenkinsci,testcomplete-plugin,2977.2
1363,jenkinsci,redhat-dependency-analytics-plugin,2970.0
947,golang,crypto,2961.0
481,ballcat-projects,ballcat-codegen,2957.0
196,Sdju,js-ini,2950.0
742,dvsekhvalnov,jose2go,2946.0
979,grafana,grafana-plugin-sdk-go,2940.0
1286,jenkinsci,inedo-proget-plugin,2932.0
377,apache,olingo-odata4,2928.5
1907,openstack,os-vif,2910.0
1217,jenkinsci,credentials-plugin,2909.6666666666665
2351,twisted,twisted,2906.2
118,LinOTP,LinOTP,2906.0
1912,openstack,swift,2903.0
755,eclipse,lemminx,2896.0
2303,theupdateframework,tuf,2894.0
1555,ktorio,ktor,2858.3333333333335
1588,lestrrat-go,jwx,2856.3333333333335
1238,jenkinsci,ecutest-plugin,2847.0
1763,mysql,mysql-connector-python,2840.0
1088,indutny,node-ip,2840.0
1389,jenkinsci,snowsoftware-commander-plugin,2827.0
720,dojo,dojo,2824.0
452,auth0,angular-jwt,2820.0
289,anchore,stereoscope,2818.0
998,gurgunday,ghtml,2810.0
578,clastix,capsule,2808.5
2398,vitessio,vitess,2808.0
75,Gerapy,Gerapy,2802.5
2176,simonhaenisch,md-to-pdf,2801.0
851,fastly,js-compute-runtime,2794.5
2207,snyk,snyk-gradle-plugin,2781.0
288,amir20,dozzle,2780.0
662,dablelv,go-huge-util,2779.0
2160,sequelize,sequelize,2774.0
691,devtron-labs,devtron,2771.0
2289,tabatkins,bikeshed,2764.0
302,ansible,ansible-runner,2762.0
2487,yt-dlp,yt-dlp,2751.285714285714
1302,jenkinsci,kubernetes-credentials-provider-plugin,2745.0
2190,sjqzhang,go-fastdfs,2744.0
56,ESAPI,esapi-java-legacy,2739.6666666666665
2067,reactor,reactor-netty,2737.0
48,DSpace,DSpace,2724.6666666666665
1905,openstack,nova,2724.1388888888887
1601,lionello,secp256k1-js,2722.0
1393,jenkinsci,splunk-devops-plugin,2719.0
1107,ipld,go-ipld-prime,2713.0
2266,stimulusreflex,stimulus_reflex,2692.0
2413,wanasit,chrono,2688.0
257,adamghill,django-unicorn,2685.0
840,fastify,fastify-csrf,2684.0
1541,knex,knex,2684.0
643,creharmony,node-etsy-client,2666.0
1427,jenkinsci,workflow-support-plugin,2664.0
1057,html5lib,html5lib-python,2656.0
790,encode,starlette,2653.6666666666665
1771,nasa,openmct,2653.0
494,bentoml,bentoml,2638.0
2023,pyca,pyopenssl,2637.5
945,goharbor,harbor,2637.0
2167,sidorares,node-mysql2,2637.0
828,facebook,fbthrift,2632.5
45,DIPlib,diplib,2631.0
2463,xuxueli,xxl-job,2627.3333333333335
2401,volcano-sh,volcano,2626.0
1227,jenkinsci,dependency-track-plugin,2623.0
228,TypedProject,tsed,2623.0
1708,mitmproxy,mitmproxy,2613.0
1181,jenkinsci,beaker-builder-plugin,2612.0
1975,plone,Products.CMFPlone,2610.2
237,XKCP,XKCP,2595.0
1230,jenkinsci,deployhub-plugin,2592.0
1572,lambdaisland,uri,2573.0
1544,koajs,cors,2568.0
588,cloudflare,circl,2563.0
265,agronholm,cbor2,2557.5
2063,rancher,apiserver,2555.0
1412,jenkinsci,urltrigger-plugin,2553.5
1169,jenkinsci,aws-codepipeline-plugin,2551.0
163,OpenTSDB,opentsdb,2545.0
2482,yeikos,js.merge,2543.0
1307,jenkinsci,lockable-resources-plugin,2541.5
1233,jenkinsci,docker-commons-plugin,2540.5
1332,jenkinsci,nomad-plugin,2536.6666666666665
294,angular,angular,2535.0
1319,jenkinsci,maven-artifact-choicelistprovider-plugin,2533.6666666666665
1401,jenkinsci,synopsys-detect-plugin,2529.0
1733,mongodb,mongo-go-driver,2518.0
1279,jenkinsci,hidden-parameter-plugin,2514.0
807,eugeneware,jpeg-js,2509.0
1933,parse-community,parse-server,2508.0833333333335
126,MechanicalSoup,MechanicalSoup,2502.0
1561,kubernetes-csi,csi-proxy,2499.0
2320,tngan,samlify,2496.0
409,apache,tika,2495.25
765,eclipse-ee4j,parsson,2487.0
244,aFarkas,lazysizes,2483.0
692,dexidp,dex,2479.3333333333335
329,apache,commons-compress,2476.4285714285716
1920,pac4j,pac4j,2468.5
1858,onnx,onnx,2464.4
88,IBAX-io,go-ibax,2446.0
1796,nhn,tui.grid,2446.0
586,cloudevents,sdk-go,2446.0
837,fastify,csrf-protection,2444.0
1271,jenkinsci,global-post-script-plugin,2439.0
1492,jstachio,jstachio,2437.0
2116,rundeck,rundeck,2435.0
306,answerdev,answer,2434.181818181818
1507,jupyterhub,jupyterhub,2431.0
910,getsentry,sentry,2430.375
550,cdent,paste,2428.0
1921,pagehelper,Mybatis-PageHelper,2424.0
2409,vyperlang,vyper,2420.777777777778
1660,matrix-org,matrix-appservice-irc,2419.3333333333335
2328,tomoh1r,ansible-vault,2413.0
1535,kitabisa,teler-waf,2404.0
1619,louislam,uptime-kuma,2400.25
1357,jenkinsci,qmetry-for-jira-test-management-plugin,2398.0
1510,jupyterhub,oauthenticator,2396.6
679,deepset-ai,haystack,2387.5
1483,jruby,jruby,2381.0
1093,inveniosoftware,invenio-communities,2379.0
2064,rancher,norman,2377.0
1793,nextauthjs,next-auth,2377.0
177,Pylons,waitress,2376.2
1176,jenkinsci,azure-keyvault-plugin,2372.0
1720,moappi,json2html,2366.0
917,gin-gonic,gin,2359.5
1811,node-saml,node-saml,2358.5
373,apache,myfaces,2358.0
919,gitblit,gitblit,2357.0
1314,jenkinsci,markdown-formatter-plugin,2355.0
1410,jenkinsci,token-macro-plugin,2354.0
2367,undertow-io,undertow,2347.2
1851,okta,okta-oidc-middleware,2345.0
508,bonitasoft,bonita-connector-webservice,2344.0
2254,ssshooter,mind-elixir-core,2335.0
379,apache,openmeetings,2329.5
708,django,django,2326.8571428571427
2166,siderolabs,talos,2317.0
733,dromara,hutool,2314.5
843,fastify,fastify-oauth2,2311.0
1998,projectcapsule,capsule,2311.0
819,expressjs,body-parser,2309.0
1577,laurent22,joplin,2307.75
569,christian-bromann,rgb2hex,2307.0
1839,nuxt,nuxt,2304.0
1911,openstack,swauth,2304.0
545,carltongibson,django-filter,2297.0
1347,jenkinsci,pipeline-model-definition-plugin,2293.0
1679,megaease,easeprobe,2285.0
1579,laverdet,isolated-vm,2283.0
701,digitalbazaar,zcap,2279.5
1915,orientechnologies,orientdb,2274.0
2480,yarnpkg,yarn,2270.0
1263,jenkinsci,github-branch-source-plugin,2268.0
670,davewasmer,devcert,2266.0
1505,jupyterhub,firstuseauthenticator,2264.0
664,danocmx,node-tf2-item-format,2262.0
341,apache,druid,2257.0
1027,hashicorp,terraform-provider-aws,2255.0
1397,jenkinsci,structs-plugin,2255.0
585,clojure,clojure,2255.0
710,django-cms,django-filer,2242.0
1663,matrix-org,sydent,2241.909090909091
1622,ls1intum,Ares,2238.0
1560,kubernetes,kubernetes,2237.4615384615386
2,3breadt,dd-plist,2236.0
2101,ronf,asyncssh,2231.0
1528,keystonejs,keystone,2229.5
1589,libp2p,go-libp2p,2229.0
1165,jenkinsci,audit-trail-plugin,2226.3333333333335
1019,harttle,liquidjs,2222.5
1250,jenkinsci,folder-auth-plugin,2213.0
754,eclipse,jetty.project,2211.3333333333335
781,electron,electron,2210.5
1147,jborg,attic,2207.0
1901,openstack,manila-ui,2205.0
153,OnShift,turbogears,2204.0
2283,switcherapi,switcher-client-master,2199.0
1467,jonschlinkert,word-wrap,2193.0
1113,isaacs,node-tar,2191.8
2198,snapappointments,bootstrap-select,2191.0
776,eiskalteschatten,compile-sass,2189.0
2203,snowflakedb,snowflake-connector-python,2184.3333333333335
1874,openedx,xblock-lti-consumer,2180.0
65,FiloSottile,nistec,2177.0
161,OpenRefine,OpenRefine,2166.4
331,apache,commons-fileupload,2165.0
2295,tendermint,tendermint,2158.25
1791,netty,netty-incubator-codec-ohttp,2157.0
651,csaf-poc,csaf_distribution,2150.0
1293,jenkinsci,job-config-history-plugin,2148.3333333333335
1264,jenkinsci,github-oauth-plugin,2147.5
1862,open-telemetry,opentelemetry-go-contrib,2144.0
1747,mozilla,pdf.js,2143.5
681,deislabs,oras,2135.0
841,fastify,fastify-http-proxy,2134.0
0,0xJacky,nginx-ui,2126.25
2288,syncthing,syncthing,2124.0
1872,opencv,opencv,2120.0
532,buildbot,buildbot,2119.0
1342,jenkinsci,parameterized-remote-trigger-plugin,2118.0
1310,jenkinsci,m2release-plugin,2117.75
2130,salvoravida,react-adal,2113.0
2447,wollardj,simple-plist,2113.0
600,codecentric,spring-boot-admin,2112.0
398,apache,sling-org-apache-sling-servlets-resolver,2108.0
624,containers,buildah,2108.0
2212,socketio,socket.io-client-java,2108.0
520,brix,crypto-js,2098.5
2075,remarkjs,remark-html,2094.0
1941,pedroetb,tts-api,2090.0
2175,simonh1000,angular-http-server,2088.0
319,apache,ant,2088.0
401,apache,storm,2088.0
632,cookiecutter,cookiecutter,2086.0
597,cmusatyalab,opendiamond,2078.0
1380,jenkinsci,script-security-plugin,2076.0
2178,simonw,datasette,2070.0
2470,xwiki-contrib,oidc,2069.0
1340,jenkinsci,p4-plugin,2068.0
833,facelessuser,pymdown-extensions,2065.0
1914,openstack,trove,2053.0
1239,jenkinsci,electricflow-plugin,2052.4
2343,triaxtec,openapi-python-client,2052.0
1179,jenkinsci,badge-plugin,2051.0
21,AthenZ,athenz,2046.0
2321,toastdriven,django-tastypie,2041.0
593,cloudfoundry,archiver,2038.0
348,apache,hadoop,2033.25
1765,mysticatea,eslint-utils,2033.0
562,charleskorn,kaml,2033.0
633,corazawaf,coraza,2031.6666666666667
719,documize,community,2031.0
462,autovance,ftp-srv,2028.0
1651,marshmallow-code,webargs,2027.0
1095,inventree,inventree,2026.0
1028,hashicorp,vault,2022.0
2248,square,retrofit,2021.0
882,follow-redirects,follow-redirects,2018.5
171,Prestaul,skeemas,2016.0
1944,perwendel,spark,2015.0
1850,octoprint,octoprint,2012.125
605,codehaus-plexus,plexus-utils,2004.6666666666667
1611,lobehub,lobe-chat,2001.0
613,colinhacks,zod,1999.0
2125,sakaiproject,sakai,1996.0
424,apolloconfig,apollo,1992.3333333333333
1423,jenkinsci,workflow-cps-plugin,1983.7142857142858
2134,sass,node-sass,1982.0
2022,pyca,cryptography,1980.8
1881,openshift,assisted-installer,1980.5
971,gorilla,schema,1976.0
370,apache,lucene-solr,1966.8333333333333
405,apache,superset,1964.3333333333333
298,ankitects,anki,1949.0
314,apache,accumulo,1948.6666666666667
315,apache,activemq,1944.4545454545455
778,elastic,apm-agent-go,1942.0
1900,openstack,manila,1936.0
86,HtmlUnit,htmlunit,1932.0
1719,mlflow,mlflow,1928.8636363636363
1631,lyft,confidant,1910.0
2080,reportportal,service-api,1910.0
895,ftonato,nope-validator,1907.0
1665,mattermost,mattermost,1903.5
981,graph-gophers,graphql-go,1902.0
715,dlitz,pycrypto,1902.0
2087,rhysd,Shiba,1901.0
1186,jenkinsci,build-failure-analyzer-plugin,1901.0
1465,jonschlinkert,remarkable,1900.0
2263,stevespringett,Alpine,1899.0
271,aio-libs,aiohttp,1898.3076923076924
1063,hueniverse,hawk,1895.0
601,codeclysm,extract,1895.0
318,apache,airflow,1894.921568627451
2165,shuup,shuup,1893.0
2170,sigstore,gitsign,1890.0
394,apache,skywalking,1889.0
1691,microcosm-cc,bluemonday,1888.5
1779,nearform,fast-jwt,1885.0
1497,junrar,junrar,1880.5
463,aws,amazon-cloudwatch-agent,1876.0
2028,pyinstaller,pyinstaller,1870.5
2033,pypiserver,pypiserver,1867.0
683,delvedor,find-my-way,1863.3333333333333
568,chocobozzz,peertube,1860.5
1315,jenkinsci,mashup-portlets-plugin,1860.0
1291,jenkinsci,jira-ext-plugin,1848.0
2076,remarshal-project,remarshal,1848.0
64,FelixSchwarz,mjml-python,1844.0
213,TeraTermProject,teraterm,1841.0
2330,tornadoweb,tornado,1838.0
357,apache,inlong,1833.6666666666667
84,HashBrownCMS,hashbrown-cms,1833.0
1334,jenkinsci,nunit-plugin,1832.5
206,Starcounter-Jack,JSON-Patch,1826.0
2162,sharpred,deepHas,1826.0
1036,hibernate,hibernate-orm,1825.3333333333333
1139,javadelight,delight-nashorn-sandbox,1819.0
584,clinical-genomics,scout,1819.0
487,beancount,fava,1809.3333333333333
619,commenthol,serialize-to-js,1809.0
703,directus,directus,1807.9333333333334
2234,spring-projects,spring-integration-extensions,1805.5
297,ankane,chartkick,1804.0
2380,vega,vega,1803.0
28,Backblaze,b2-sdk-python,1802.0
1517,kakwa,ldapcherry,1801.0
476,b-heilman,bmoor,1801.0
350,apache,hive,1797.0
2129,saltstack,salt,1796.090909090909
1171,jenkinsci,aws-device-farm-plugin,1791.0
2473,yahoo,serialize-javascript,1790.0
741,duzun,URL.js,1786.0
727,dpgaspar,Flask-AppBuilder,1785.75
1333,jenkinsci,nuget-plugin,1776.0
1081,imgproxy,imgproxy,1773.5
2273,stripe,smokescreen,1769.5
1006,hamba,avro,1769.0
967,gopistolet,gopistolet,1767.0
1346,jenkinsci,pipeline-maven-plugin,1765.0
1003,hail-is,hail,1762.0
541,canonical,operator,1762.0
1266,jenkinsci,gitlab-branch-source-plugin,1759.3333333333333
1847,oblac,jodd,1758.0
2025,pydata,numexpr,1758.0
2153,sebhildebrandt,systeminformation,1756.3636363636363
1178,jenkinsci,backlog-plugin,1756.0
1860,open-policy-agent,opa,1755.2
1118,izatop,bunt,1755.0
360,apache,james-hupa,1755.0
2268,strapi,strapi,1752.7272727272727
2494,zeroturnaround,zt-zip,1749.0
356,apache,incubator-streampark,1745.5
39,Cog-Creators,Red-Dashboard,1745.5
1424,jenkinsci,workflow-job-plugin,1745.0
1211,jenkinsci,conjur-credentials-plugin,1744.0
124,Masterminds,goutils,1744.0
410,apache,tomcat,1743.2818791946308
1322,jenkinsci,mercurial-plugin,1736.0
2062,qutebrowser,qutebrowser,1734.4
2456,xerial,snappy-java,1731.25
2310,tiangolo,fastapi,1726.0
345,apache,flume,1723.6666666666667
820,expressjs,express,1723.3333333333333
1376,jenkinsci,saltstack-plugin,1719.0
2147,scikit-learn,scikit-learn,1717.0
1150,jdennis,keycloak-httpd-client-install,1715.5
2339,treasure-data,digdag,1711.0
810,eventlet,eventlet,1709.0
2415,wasm3,wasm3,1709.0
1391,jenkinsci,sonar-gerrit-plugin,1708.5
527,bruno-robert,window-control,1704.0
547,casdoor,casdoor,1704.0
1896,openstack,ironic,1704.0
322,apache,atlas,1703.0
555,celery,django-celery-results,1702.0
1809,node-red,node-red,1700.0
1240,jenkinsci,email-ext-plugin,1698.6
2091,rkesters,gnuplot,1698.0
1566,kyivstarteam,react-native-sms-user-consent,1697.0
1198,jenkinsci,codedx-plugin,1694.6666666666667
1477,jquense,expr,1683.0
1767,nahsra,antisamy,1680.5
1902,openstack,mistral,1677.5
598,cobbler,cobbler,1676.2727272727273
2077,remult,remult,1676.0
1873,openedx,xblock-drag-and-drop-v2,1675.0
93,IdoPesok,zsa,1674.0
1265,jenkinsci,github-plugin,1673.2
1513,justinas,nosurf,1673.0
1502,jupyter-server,jupyter_server,1672.0
1367,jenkinsci,resource-disposer-plugin,1666.0
1044,home-assistant,core,1664.0
1199,jenkinsci,compact-columns-plugin,1663.0
97,Irrelon,irrelon-path,1655.0
659,cypress-io,request,1654.0
665,dapr,dapr,1653.0
915,giggio,node-chromedriver,1653.0
1275,jenkinsci,google-oauth-plugin,1652.0
1556,kubean-io,kubean,1651.0
637,cortexproject,cortex,1649.5
275,airlift,aircompressor,1645.75
1486,jshttp,cookie,1644.0
707,django,channels,1643.0
1559,kubernetes,ingress-nginx,1641.0
2215,softwaremill,akka-http-session,1641.0
1830,npm,node-tar,1633.5
2383,vendure-ecommerce,vendure,1632.0
658,cyface,django-termsandconditions,1630.0
983,graphite-project,graphite-web,1628.0
963,google-deepmind,reverb,1626.0
842,fastify,fastify-multipart,1624.0
2019,pulp,pulp_ansible,1621.0
1320,jenkinsci,maven-plugin,1620.0
1261,jenkinsci,git-server-plugin,1616.0
1701,mikaelbr,mversion,1612.5
2411,wagtail,wagtail,1609.3333333333333
1355,jenkinsci,publish-over-ftp-plugin,1609.0
1268,jenkinsci,gitlab-oauth-plugin,1606.3333333333333
2404,vuelidate,vuelidate,1605.0
2222,sony,nnabla,1605.0
1853,ollama,ollama,1604.0
421,apache,zeppelin,1603.5714285714287
2006,protocolbuffers,protobuf,1603.0
663,dahlia,fedify,1593.5
1496,junit-team,junit4,1593.0
169,PostHog,posthog-js,1590.0
2031,pypa,pipenv,1588.0
434,apragacz,django-rest-registration,1587.0
80,GoogleContainerTools,jib,1585.0
1481,jquery-validation,jquery-validation,1583.6666666666667
1212,jenkinsci,contrast-continuous-application-security-plugin,1580.0
1861,open-telemetry,opentelemetry-collector-contrib,1576.0
2365,unclebob,fitnesse,1575.0
1040,hiyouga,LLaMA-Factory,1575.0
1378,jenkinsci,sauce-ondemand-plugin,1572.0
1598,line,centraldogma,1571.0
453,auth0,auth0.js,1569.0
2432,weld,core,1567.3333333333333
787,emicklei,go-restful,1566.0
146,Nuitka,Nuitka,1565.0
1280,jenkinsci,hpe-application-automation-tools-plugin,1565.0
15,AndrewBurian,powermux,1565.0
1803,nltk,nltk,1559.25
1325,jenkinsci,mstest-plugin,1558.0
299,ansible,ansible,1553.2777777777778
638,corydolphin,flask-cors,1551.0
485,bcgit,bc-csharp,1546.0
1743,mozilla,bleach,1545.3333333333333
927,go-jose,go-jose,1545.0
2100,rona-dinihari,dawnsparks-node-tesseract,1542.0
1565,kujirahand,nadesiko3,1537.3333333333333
767,eclipse-rdf4j,rdf4j,1537.0
2497,zitadel,zitadel,1532.5
2316,tj,node-growl,1531.0
1448,jline,jline3,1530.0
1724,modoboa,modoboa-dmarc,1530.0
853,fb55,css-what,1529.0
959,google,mesop,1527.0
358,apache,isis,1526.0
1046,honojs,node-server,1521.6666666666667
60,EventSource,eventsource,1521.0
570,cilium,cilium,1520.3333333333333
1038,highcharts,highcharts,1520.0
1929,panva,jose,1516.0
889,free5gc,udm,1511.0
2498,zkat,ssri,1510.0
511,boris-unckel,h2database,1510.0
255,adaltas,node-mixme,1504.0
1298,jenkinsci,katalon-plugin,1504.0
1677,medialize,uri.js,1503.0
283,alibaba,nacos,1499.0
1056,hs-web,hsweb-framework,1498.0
1197,jenkinsci,code-coverage-api-plugin,1496.6666666666667
1398,jenkinsci,subversion-plugin,1496.2
1888,openstack,aodh,1496.0
543,caolan,forms,1494.0
1662,matrix-org,matrix-react-sdk,1493.0
774,eggjs,egg-scripts,1489.0
1300,jenkinsci,kiuwan-plugin,1486.0
435,aquasecurity,trivy,1486.0
1102,ipfs,go-bitfield,1483.0
1825,npm,cli,1482.0
1909,openstack,python-openstackclient,1481.0
793,enonic,xp,1480.0
2286,sylabs,sif,1479.0
688,devent,globalpom-utils,1475.0
2123,sahellebusch,flattenizer,1474.0
602,codecov,codecov-node,1467.5
383,apache,qpid-broker-j,1466.0
2002,projectdiscovery,nuclei,1465.5
2214,sofastack,sofa-rpc,1460.0
1837,numpy,numpy,1458.0
1296,jenkinsci,junit-plugin,1456.3333333333333
2230,spring-projects,spring-authorization-server,1455.0
1472,joyent,node-sshpk,1450.0
748,e-Contract,dssp,1449.0
385,apache,qpid-python,1446.0
777,eivindfjeldstad,dot,1446.0
1722,moby,moby,1445.857142857143
955,google,fscrypt,1443.0
1051,horazont,aioxmpp,1442.0
380,apache,ozone,1440.0
926,go-gitea,gitea,1439.857142857143
2504,zopefoundation,RestrictedPython,1437.6666666666667
1636,mage-ai,mage-ai,1430.0
19,ArjunSharda,Passeo,1424.0
1930,paramiko,paramiko,1424.0
1687,mholt,archiver,1418.5
1356,jenkinsci,publish-over-ssh-plugin,1418.5
1887,openshift,source-to-image,1416.0
1961,pion,dtls,1415.75
1065,huggingface,transformers,1412.6666666666667
1287,jenkinsci,influxdb-plugin,1411.0
2113,run-llama,llama-hub,1410.0
378,apache,openjpa,1409.0
1586,lepture,mistune,1407.6666666666667
254,adaltas,node-csv-parse,1405.0
911,getsentry,sentry-javascript,1404.0
1819,nonebot,nonebot2,1401.0
1374,jenkinsci,rundeck-plugin,1401.0
131,MrP,image-tiler,1401.0
1318,jenkinsci,matrix-project-plugin,1399.25
1848,oblac,jodd-http,1398.0
43,CycloneDX,cyclonedx-javascript-library,1398.0
1816,nodejs,undici,1396.5833333333333
2282,swaggo,http-swagger,1395.0
2416,waysact,webpack-subresource-integrity,1390.0
147,OHDSI,WebAPI,1389.0
1196,jenkinsci,cobertura-plugin,1386.0
1341,jenkinsci,pangolin-testrail-connector-plugin,1383.0
2440,wildfly,wildfly,1381.6666666666667
2363,uisautomation,django-ucamlookup,1370.0
506,blue-yonder,postgraas_server,1369.0
24,Azure,aad-pod-identity,1367.0
1807,node-modules,charset,1366.0
330,apache,commons-configuration,1364.6666666666667
1932,parisneo,lollms,1363.5
2296,tensorflow,tensorflow,1362.632075471698
478,backstage,backstage,1355.8181818181818
1629,lxc,lxd,1355.0
438,archivy,archivy,1354.0
234,Wechat-Group,WxJava,1352.0
2202,snowflakedb,snowflake-connector-nodejs,1352.0
1548,kongchuanhujiao,server,1351.0
2369,unshiftio,url-parse,1350.625
162,OpenRefine,simile-butterfly,1344.0
1570,labring,sealos,1343.0
1442,jhipster,generator-jhipster,1342.75
414,apache,trafficcontrol,1342.6666666666667
1824,novnc,noVNC,1342.0
874,fluture-js,fluture-node,1338.5
2135,sassoftware,go-rpmutils,1338.0
942,gogits,gogs,1337.6666666666667
1459,jonschlinkert,assign-deep,1337.5
1753,mrodrig,doc-path,1337.0
1885,openshift,origin,1336.5
653,cube-js,cube.js,1336.5
1849,octo-sts,app,1335.0
766,eclipse-leshan,leshan,1332.0
1331,jenkinsci,nodelabelparameter-plugin,1330.0
140,Netflix,security_monkey,1328.0
1164,jenkinsci,artifactory-plugin,1324.0
1277,jenkinsci,groovy-plugin,1320.5
2184,sindresorhus,got,1319.0
2021,py-pdf,pypdf,1319.0
1966,pivotal-cf,spring-cloud-sso-connector,1318.0
1520,kawasima,struts1-forever,1317.0
829,facebook,hermes,1315.8333333333333
1446,jkup,pullit,1315.0
2457,xi,django-mfa3,1315.0
2285,sylabs,scs-library-client,1313.5
1216,jenkinsci,credentials-binding-plugin,1310.25
397,apache,sling-org-apache-sling-servlets-post,1309.0
2489,zalando,skipper,1308.5
1210,jenkinsci,configurationslicing-plugin,1307.0
1934,parse-community,parse-server-push-adapter,1307.0
675,debezium,debezium,1305.0
1798,nicolargo,glances,1302.6666666666667
582,clickbar,dot-diver,1302.0
2278,sveltejs,kit,1301.6
1218,jenkinsci,crowd2-plugin,1300.0
2188,sindresorhus,trim-newlines,1299.0
864,firebase,firebase-js-sdk,1298.5
1466,jonschlinkert,set-value,1297.0
946,gohugoio,hugo,1297.0
166,PaddlePaddle,Paddle,1296.75
2114,run-llama,llama_index,1296.5
1788,netplex,json-smart-v1,1294.0
1224,jenkinsci,database-plugin,1290.0
362,apache,james-project,1290.0
2300,thenables,thenify,1289.0
2417,weaveworks,tf-controller,1288.5
423,apexcharts,apexcharts.js,1286.0
272,aio-libs,aiohttp-session,1282.0
775,eggjs,extend2,1281.0
1458,joniles,mpxj,1280.5
1375,jenkinsci,s3-plugin,1277.6666666666667
2297,terser,terser,1276.0
7,ARPSyndicate,puncia,1274.0
1362,jenkinsci,redgate-sql-ci-plugin,1274.0
300,ansible,ansible-modules-core,1273.6666666666667
950,golang,text,1273.0
2024,pydantic,pydantic,1272.0
469,aws,aws-sdk-js-v3,1271.0
2501,zopefoundation,Products.GenericSetup,1265.0
1593,lifion,lifion-verify-deps,1264.0
2041,python-pillow,Pillow,1262.4130434782608
1396,jenkinsci,stapler,1260.0
676,debug-js,debug,1260.0
990,grpc,grpc,1256.0
104,KaTeX,KaTeX,1255.25
2217,solana-labs,solana-pay,1252.0
2180,simpleledger,slp-validate.js,1251.0
1898,openstack,keystone,1250.3125
2043,python-poetry,poetry-core,1249.0
1151,jeecgboot,jeecg-boot,1248.5454545454545
412,apache,tomcat80,1243.2142857142858
276,ajv-validator,ajv,1241.0
1256,jenkinsci,ghprb-plugin,1241.0
2020,punkave,sanitize-html,1239.0
1119,j4k0xb,webcrack,1238.0
713,django-wiki,django-wiki,1234.5
2506,zopefoundation,Zope,1234.3
427,apostrophecms,apostrophe,1233.5
1515,jython,frozen-mirror,1232.0
197,Secreto31126,whatsapp-api-js,1232.0
2009,psf,black,1227.0
1955,pikepdf,pikepdf,1227.0
615,collective,collective.dms.basecontent,1226.0
73,GeoNode,geonode,1225.5
922,github,paste-markdown,1225.0
340,apache,drill,1222.0
2149,scottcwang,openssh_key_parser,1221.0
2257,stanfordnlp,CoreNLP,1220.0
1498,jupyter,nbdime,1220.0
239,Ylianst,MeshCentral,1219.5
1965,pires,go-proxyproto,1218.5
2420,web2py,web2py,1216.8
1099,ionicabizau,parse-url,1215.0
447,artf,grapesjs,1214.0
429,apphp,js-object-resolver,1213.0
2154,seccomp,libseccomp-golang,1208.0
1454,joestump,python-oauth2,1206.0
87,HtmlUnit,htmlunit-neko,1205.0
1778,naver,ngrinder,1205.0
2478,yargs,yargs-parser,1203.0
40,Cog-Creators,Red-DiscordBot,1202.0
308,ant-media,Ant-Media-Server,1199.0
371,apache,maven-archetype,1199.0
695,dgtlmoon,changedetection.io,1193.6666666666667
391,apache,servicecomb-service-center,1192.0
2368,unknwon,cae,1191.0
1336,jenkinsci,ontrack-plugin,1189.0
897,fusesource,hawtjni,1187.0
616,collective,collective.task,1184.0
523,broofa,node-uuid,1183.0
1776,nats-io,nkeys,1180.0
1192,jenkinsci,clif-performance-testing-plugin,1177.0
1273,jenkinsci,google-compute-engine-plugin,1173.5
2142,schnittstabil,merge-options,1173.0
2060,quic-go,quic-go,1172.0
2306,thinkst,opencanary,1172.0
2069,redisson,redisson,1172.0
870,flitbit,json-ptr,1170.5
1889,openstack,barbican,1170.0
1924,pallets,jinja,1170.0
1590,libxmljs,libxmljs,1168.0
1673,mbloch,mapshaper,1164.0
2127,salesforce,tough-cookie,1161.75
1032,helm,helm,1160.8333333333333
2195,smallrye,smallrye-config,1160.0
74,GeoWebCache,geowebcache,1158.0
312,antonk52,lilconfig,1158.0
1947,pf4j,pf4j,1156.0
1121,jaegertracing,jaeger,1156.0
1045,honojs,hono,1153.5
1387,jenkinsci,skytap-cloud-plugin,1152.0
2108,rs,node-netmask,1152.0
1262,jenkinsci,gitea-plugin,1146.0
1918,osrg,gobgp,1139.0
58,Ericsson,codechecker,1138.5
204,SonarSource,sonarqube,1138.0
6,AGProjects,python-cjson,1137.0
1674,mcollina,msgpack5,1137.0
189,SAP,cloud-pysec,1137.0
567,chimurai,http-proxy-middleware,1136.0
604,codehaus-plexus,plexus-archiver,1135.5
747,dzikoysk,reposilite,1134.25
1470,josdejong,mathjs,1133.6666666666667
1781,neo4j,apoc,1132.0
1351,jenkinsci,plot-plugin,1131.5
738,dscho,hg,1131.5
1183,jenkinsci,bitbucket-oauth-plugin,1129.0
2185,sindresorhus,is-svg,1127.0
2048,pytorch,serve,1127.0
933,go-vela,compiler,1126.0
792,endojs,endo,1125.0
1935,patriksimek,vm2,1123.4
1297,jenkinsci,jx-resources-plugin,1120.0
304,ansible-semaphore,semaphore,1118.0
32,Blazemeter,blazemeter-jenkins-plugin,1117.0
2388,vert-x3,vertx-web,1114.0
1073,ibmdb,node-ibm_db,1111.0
845,fastify,fastify-reply-from,1110.5
1655,mathjax,MathJax,1107.0
785,element-plus,element-plus,1105.0
115,Legrandin,pycrypto,1105.0
37,C2FO,fast-csv,1104.0
2097,robo-code,robocode,1101.3333333333333
1158,jenkinsci,analysis-core-plugin,1101.0
2221,sonnyp,JSON8,1100.0
1499,jupyter,notebook,1098.6666666666667
2133,sandy98,node-simple-router,1097.0
1122,jamesagnew,hapi-fhir,1097.0
1583,lektor,lektor,1096.0
1474,jpeg-js,jpeg-js,1096.0
1676,medialize,URI.js,1094.0
2279,sveltejs,svelte,1094.0
2192,skoranga,node-dns-sync,1092.5
1903,openstack,murano,1092.0
11,Adobe-Consulting-Services,acs-aem-commons,1092.0
974,gphper,ginadmin,1081.0
614,collective,collective.contact.widget,1079.0
1301,jenkinsci,klaros-testmanagement-plugin,1079.0
1092,intranda,goobi-viewer-core,1078.3333333333333
245,aaugustin,websockets,1078.0
54,Devan-Kerman,ARRP,1073.0
1463,jonschlinkert,mixin-deep,1070.5
2371,urql-graphql,urql,1069.0
539,bytecodealliance,wasmtime,1068.75
1259,jenkinsci,git-parameter-plugin,1068.0
2385,vercel,next.js,1066.6666666666667
1052,horazont,xmpp-http-upload,1066.0
1652,mastercactapus,proxyprotocol,1064.0
404,apache,submarine,1063.3333333333333
1508,jupyterhub,kubespawner,1063.0
82,Guake,guake,1061.0
682,delgan,loguru,1060.0
396,apache,sling-org-apache-sling-jcr-base,1059.5
66,FireBlinkLTD,object-collider,1059.0
1204,jenkinsci,compuware-topaz-for-total-test-plugin,1057.3333333333333
512,bottlepy,bottle,1057.0
717,docker,docker,1056.25
1971,planetlabs,planet-client-python,1056.0
1962,pion,webrtc,1056.0
533,builderio,qwik,1056.0
2208,snyk,snyk-php-plugin,1055.0
796,erelsgl,limdu,1055.0
1714,mjpclab,object-hierarchy-access,1055.0
293,andrepolischuk,servst,1052.0
2444,withastro,astro,1051.0
1386,jenkinsci,sidebar-link-plugin,1049.0
645,cri-o,cri-o,1043.5
1627,lukeed,tempura,1042.0
2406,vuetifyjs,vuetify,1041.0
1185,jenkinsci,build-environment-plugin,1040.0
548,casework,CASE-Utilities-Python,1039.4
1303,jenkinsci,kubernetes-plugin,1039.2
2088,richardbarran,django-photologue,1038.0
1082,immerjs,immer,1037.5
1249,jenkinsci,flaky-test-handler-plugin,1037.0
165,OpenZeppelin,openzeppelin-contracts,1034.8
2397,vitejs,vite,1034.25
1925,pallets,quart,1034.0
1326,jenkinsci,naginator-plugin,1032.0
1106,ipld,go-codec-dagpb,1031.0
2228,spring-cloud,spring-cloud-function,1029.0
1871,opencrx,opencrx,1028.5
2004,prometheus,exporter-toolkit,1028.0
67,FlowiseAI,Flowise,1026.5
351,apache,httpcomponents-client,1026.3333333333333
2379,vcs-python,vcspull,1025.0
1478,jquery,jquery,1019.5
1594,lift,framework,1017.0
183,RDFLib,pyrdfa3,1016.0
16,AntSwordProject,antSword,1015.0
709,django-cms,django-cms,1013.0
2376,valyala,fasthttp,1012.5
2348,twbs,bootstrap,1012.0
1241,jenkinsci,emailext-template-plugin,1011.0
1068,hwameistor,hwameistor,1011.0
2467,xwiki-contrib,application-admintools,1010.5
367,apache,libcloud,1009.6666666666666
1488,json5,json5,1003.0
2505,zopefoundation,ZODB,1003.0
1692,micromatch,braces,1001.0
2305,thi-ng,umbrella,999.5
517,briancappello,flask-unchained,998.0
1030,hashicorp,vault-ssh-helper,998.0
400,apache,spark,997.0
1090,infinispan,protostream,996.0
1152,jelmer,dulwich,995.0
855,feathersjs,feathers,993.0
1821,notaryproject,notation-go,993.0
2290,tadashi-aikawa,owlmixin,991.0
1518,karma-runner,karma,989.0
538,bwoodsend,rockhopper,988.0
2271,streamlit,streamlit,986.5
366,apache,karaf,985.6666666666666
42,CroatiaControlLtd,asterix,985.0
577,classgraph,classgraph,981.0
1985,pofider,phantom-html-to-pdf,981.0
1148,jcubic,jquery.terminal,978.0
1180,jenkinsci,batch-task-plugin,977.0
2334,totaljs,framework4,975.5
2007,protocolbuffers,protobuf-go,975.0
1818,nolimits4web,Swiper,970.0
544,capricorn86,happy-dom,966.5
2216,soketi,soketi,966.0
1569,labd,wagtail-2fa,964.6666666666666
573,cjvnjde,google-translate-api-browser,964.0
2245,sqreen,PyMiniRacer,964.0
740,dutchcoders,transfer.sh,960.0
1284,jenkinsci,implied-labels-plugin,952.0
207,Stranger6667,pyanyapi,952.0
770,edge-js,edge,951.0
985,graphql,graphql-js,951.0
273,aio-libs,aiosmtpd,951.0
1892,openstack,glance,948.5454545454545
1127,jaraco,keyring,947.6
112,KubeOperator,KubePi,947.0
122,ManyDesigns,Portofino,945.5
425,apollographql,apollo-client-nextjs,945.0
2262,stellar,js-stellar-sdk,943.0
2249,square,squalor,943.0
2242,sqlalchemy,mako,941.0
1222,jenkinsci,cvs-plugin,939.6666666666666
1021,hashicorp,consul-template,939.0
1782,neo4j,neo4j,938.0
1795,ng-packagr,ng-packagr,933.0
924,gitpython-developers,GitPython,932.0
2308,thlorenz,parse-link-header,932.0
1950,phoenixframework,phoenix_html,932.0
1815,nodef,heroku-addonpool,929.0
1785,nervjs,taro,927.0
789,encode,httpx,926.0
18,ApollosProject,apollos-apps,925.0
549,cbeust,testng,922.0
2177,simonsmith,cypress-image-snapshot,919.0
464,aws,amazon-redshift-jdbc-driver,917.6
2499,zopefoundation,AccessControl,913.0
596,cloudreve,Cloudreve,908.0
326,apache,calcite-avatica,908.0
1726,moinwiki,moin,905.0
1994,privacyidea,privacyidea,904.0
1558,kubernetes,client-go,903.5
1895,openstack,horizon,903.2857142857143
850,fastify,session,902.0
1348,jenkinsci,pipeline-stage-view-plugin,900.0
211,TanStack,query,900.0
2059,quay,claircore,899.0
109,Kozea,Radicale,897.1666666666666
2392,videojs,video.js,897.0
639,cosmos,ethermint,896.0
978,grafana,grafana,895.2
1012,hapijs,cryptiles,895.0
1189,jenkinsci,cas-plugin,895.0
1353,jenkinsci,promoted-builds-plugin,894.5
757,eclipse,milo,894.0
2298,tg123,sshpiper,891.5
672,dbartholomae,lambda-middleware,891.0
680,deis,workflow-manager,888.0
515,braintree,sanitize-url,888.0
1953,picketlink,picketlink,885.0
1154,jenkinsci,accurev-plugin,884.0
1745,mozilla,node-convict,883.6666666666666
2157,selfcontained,deap,883.0
134,NVIDIA,NVFlare,882.5
1630,lxml,lxml,880.4545454545455
1097,ioBroker,ioBroker.js-controller,880.0
698,diegohaz,querymen,880.0
502,blackducksoftware,hub-rest-api-python,880.0
90,IceWhaleTech,CasaOS-Gateway,877.0
1276,jenkinsci,google-play-android-publisher-plugin,877.0
1247,jenkinsci,favorite-plugin,876.0
107,Kludex,python-multipart,876.0
1773,nats-io,jwt,874.0
316,apache,activemq-apollo,873.0
2280,sviehb,jefferson,871.0
1269,jenkinsci,gitlab-plugin,870.0
621,containerd,containerd,866.0
1074,ierror,django-js-reverse,865.5
1678,medikoo,es5-ext,865.5
95,IonicaBizau,node-gry,861.0
1657,matrix-org,gomatrixserverlib,859.0
475,axios,axios,859.0
1305,jenkinsci,libvirt-slave-plugin,858.6666666666666
1986,poljar,matrix-nio,858.0
251,acstll,deep-get-set,857.0
1689,mickhansen,dottie.js,857.0
743,dw,mitogen,856.0
1963,pippo-java,pippo,853.6666666666666
867,flask-admin,flask-admin,851.0
881,folio-org,spring-module-core,850.0
564,charmbracelet,soft-serve,849.0
788,encode,django-rest-framework,844.0
980,grafana,synthetic-monitoring-agent,844.0
127,MirahezeBots,sopel-channelmgnt,842.0
395,apache,sling-org-apache-sling-auth-core,841.0
579,clastix,capsule-proxy,840.0
625,containers,image,839.0
1737,moscajs,aedes,838.0
1083,in-toto,in-toto,837.0
1894,openstack,heat,834.0
1043,hokaccha,node-jwt-simple,833.0
2395,visionmedia,send,829.0
953,google,closure-library,827.0
85,HenrikJoreteg,html-parse-stringify,824.0
419,apache,xmlgraphics-commons,823.0
282,algolia,algoliasearch-helper-js,823.0
2144,schollz,croc,822.0
2187,sindresorhus,semver-regex,821.5
799,eslint,rewrite,821.0
949,golang,net,821.0
1049,hoppscotch,proxyscotch,820.0
654,cubefs,cubefs,820.0
673,dbt-labs,dbt-core,819.0
2247,square,okio,818.0
2211,socketio,socket.io,818.0
433,apptainer,apptainer,813.0
137,Netflix,consoleme,811.5
888,free5gc,amf,811.0
5,9001,copyparty,811.0
1174,jenkinsci,azure-ad-plugin,810.0
1628,lunary-ai,lunary,808.1666666666666
1607,ljharb,qs,807.3
1141,jaw187,node-traceroute,807.0
2124,sajari,docconv,806.5
418,apache,xmlgraphics-batik,806.3
181,Qwerios,madlib-object-utils,805.0
2408,vvo,node-whereis,804.0
991,grpc,grpc-node,803.0
1014,hapijs,hapi,800.5
800,esphome,esphome,800.4
1549,koorchik,node-mystem3,798.0
1996,projectatomic,libpod,797.0
61,FasterXML,jackson-databind,796.421052631579
2049,pytorchlightning,pytorch-lightning,795.5
102,JoeScho,get-ip-range,793.0
2201,snowflakedb,gosnowflake,793.0
1623,lukashinsch,spring-boot-actuator-logview,792.5
1624,lukeed,dset,792.5
2284,sybrenstuvel,python-rsa,791.5
1680,mellium,xmpp,790.0
2430,websockets,ws,787.3333333333334
580,clastix,kamaji,787.0
620,commenthol,versionn,787.0
1833,npm,ssri,785.0
1751,mqttjs,MQTT.js,783.0
1017,happyworm,jPlayer,783.0
27,Backblaze,B2_Command_Line_Tool,782.0
1951,piccolo-orm,piccolo,780.5
259,adi928,ipycache,776.0
815,executablebooks,markdown-it-py,776.0
1449,jmrozanec,cron-utils,774.6666666666666
2399,vllm-project,vllm,774.0
1016,hapijs,nes,774.0
1739,mout,mout,773.5
694,dgilland,pydash,773.0
994,guardrails-ai,guardrails,773.0
1413,jenkinsci,validating-string-parameter-plugin,772.0
1554,kroxylicious,kroxylicious,772.0
503,blakeblackshear,frigate,771.0
2302,theupdateframework,python-tuf,771.0
2137,satori,go.uuid,769.0
1137,jasonraimondi,url-to-png,768.6666666666666
1335,jenkinsci,oic-auth-plugin,768.0
1711,mitsuhiko,jinja2,767.0
1251,jenkinsci,fortify-on-demand-uploader-plugin,765.6
1746,mozilla,nunjucks,765.0
970,gorilla,handlers,764.0
285,alkacon,opencms-core,762.0
1202,jenkinsci,compuware-scm-downloader-plugin,761.5
2003,projen,projen,761.0
1717,mkdocs,mkdocs,759.5
1828,npm,ini,759.0
835,faisalman,ua-parser-js,758.25
296,angus-c,just,758.0
216,Tjatse,ansi-html,755.0
1274,jenkinsci,google-login-plugin,753.5
856,feathersjs-ecosystem,feathers-sequelize,753.0
871,flitto,express-param,752.0
2156,sehmaschine,django-grappelli,751.0
386,apache,ranger,749.0
35,BuilderIO,qwik,748.0
1131,jaredhanson,passport-oauth2,748.0
1245,jenkinsci,external-monitor-job-plugin,746.0
2011,psi-4ward,psitransfer,745.5
783,electron-userland,electron-builder,745.0
1919,osuosl,twisted_vncauthproxy,745.0
2424,webmproject,libvpx,745.0
1768,nanobox-io,golang-nanoauth,744.0
170,PowerJob,PowerJob,744.0
185,ReFirmLabs,binwalk,743.0
1246,jenkinsci,extra-columns-plugin,742.0
756,eclipse,lyo,741.0
1487,json-path,JsonPath,740.0
497,bertramdev,asset-pipeline,740.0
973,gouniverse,cms,738.0
1166,jenkinsci,autonomiq-plugin,737.0
361,apache,james-mime4j,735.6666666666666
1615,lodash,lodash,735.5
2182,sindresorhus,dot-prop,735.0
583,clientIO,joint,734.0
212,Tencent,vConsole,733.0
1482,jrspruitt,ubi_reader,733.0
347,apache,groovy,732.0
1643,maptiler,tileserver-gl,731.0
1024,hashicorp,go-slug,729.0
764,eclipse-ee4j,mojarra,727.75
2083,revel,revel,727.0
773,eflexsystems,node-samba-client,727.0
2434,wger-project,wger,726.0
1675,mde,ejs,725.6666666666666
209,Styria-Digital,django-rest-framework-jwt,725.0
1426,jenkinsci,workflow-remote-loader-plugin,724.0
2476,yangzongzhuan,RuoYi,724.0
992,gruntjs,grunt,720.75
1645,marcbachmann,node-html-pdf,718.0
753,eclipse,hawkbit,716.0
488,beego,beego,714.0
1471,josdejong,typed-function,713.0
1479,jquery,jquery-ui,711.8
2224,soyuka,pidusage,710.0
389,apache,seatunnel-web,710.0
1464,jonschlinkert,randomatic,709.0
574,ckan,ckan,709.0
2390,vgno,koa-remove-trailing-slashes,709.0
847,fastify,fastify-static,708.0
145,Nozbe,WatermelonDB,707.0
33,Blosc,c-blosc2,702.0
1381,jenkinsci,scriptler-plugin,701.3333333333334
1519,kataras,iris,701.0
1000,gventuri,pandas-ai,700.0
12,AhmedAdelFahim,express-xss-sanitizer,696.0
2311,tidwall,gjson,694.8
540,caddyserver,caddy,694.0
1039,hivesolutions,netius,690.0
1653,mat-sz,lettersanitizer,686.0
650,cryptocoinjs,secp256k1-node,685.0
2394,vinitkumar,json2xml,684.0
988,gravitl,netmaker,682.4
528,brycebaril,node-flatnest,680.0
2502,zopefoundation,Products.PluggableAuthService,677.5
2238,spring-projects,spring-security-samples,674.0
2355,typelevel,fs2,672.5
291,andialbrecht,sqlparse,671.0
802,etcd-io,etcd,669.25
1295,jenkinsci,job-import-plugin,667.0
353,apache,incubator-dolphinscheduler,667.0
205,Soontao,cycle-import-check,665.0
1957,pillarjs,resolve-path,665.0
1350,jenkinsci,plain-credentials-plugin,664.0
186,RebeccaStevens,deepmerge-ts,662.5
1445,jhuckaby,pixl-class,662.0
561,chaosblade-io,chaosblade,661.0
1213,jenkinsci,copr-plugin,661.0
135,NYUCCL,psiTurk,660.0
1104,ipfs,go-unixfs,659.0
473,aws-amplify,aws-sdk-android,659.0
1385,jenkinsci,shelve-project-plugin,659.0
1536,kiwitcms,Kiwi,657.0
1312,jenkinsci,mac-plugin,656.0
1775,nats-io,nats.ws,653.0
1177,jenkinsci,azure-vm-agents-plugin,653.0
1836,ntbosscher,gobase,651.0
407,apache,tapestry-5,651.0
1527,keylime,keylime,650.0
1654,materialsproject,pymatgen,648.0
2092,rnmods,react-native-document-picker,648.0
1313,jenkinsci,mailer-plugin,646.0
1668,matthiask,html-sanitizer,646.0
459,auth0,passport-wsfed-saml2,643.0
1085,indico,flask-multipass,642.0
415,apache,wicket,641.0
280,alex,rply,640.5
1455,joewalnes,smoothie,639.0
2119,rvagg,bl,639.0
2155,segmentio,is-url,638.0
301,ansible,ansible-modules-extras,636.0
2461,xnio,xnio,636.0
267,aheckmann,mpath,634.0
1168,jenkinsci,aws-codedeploy-plugin,632.0
1344,jenkinsci,pipeline-aggregator-view-plugin,631.0
1540,knative,serving,631.0
1823,nothub,mrpack-install,630.0
431,apple,ccs-pykerberos,629.0
2039,python-mechanize,mechanize,628.0
1547,koji-project,koji,628.0
303,ansible-collections,community.general,626.0
1516,kaizhu256,node-phantomjs-lite,625.0
439,ardatan,graphql-tools,625.0
1600,linkedin,oncall,624.0
1383,jenkinsci,semantic-versioning-plugin,623.5
201,SimbCo,httpster,623.0
281,alexcrichton,openssl-src-rs,622.0
954,google,exposure-notifications-verification-server,619.0
1843,oakserver,oak,617.0
138,Netflix,genie,616.0
1910,openstack,storlets,616.0
685,destinygg,chat,616.0
1309,jenkinsci,lucene-search-plugin,615.75
1054,horovod,horovod,615.0
1868,opencontainers,distribution-spec,615.0
123,Marak,colors.js,614.0
1649,markdown-it,markdown-it,612.5
1922,pahen,madge,610.0
2213,socketio,socket.io-parser,609.0
1379,jenkinsci,scm-filter-jervis-plugin,607.0
524,browserify,browserify-sign,605.0
471,aws,sagemaker-python-sdk,604.5
1557,kubernetes,apiextensions-apiserver,604.0
1620,lovell,sharp,603.0
993,gturri,aXMLRPC,602.0
610,coder,coder,602.0
1304,jenkinsci,ldap-plugin,601.0
2507,zowe,zowe-cli,601.0
1430,jenkinsci,xunit-plugin,600.0
2445,wocommunity,wonder,600.0
25,Azure,ms-rest-nodeauth,600.0
110,Kozea,WeasyPrint,599.0
1709,mitmproxy,pdoc,598.0
1283,jenkinsci,icescrum-plugin,598.0
1069,hybridgroup,gobot,597.0
1980,plotly,plotly.js,596.5
1428,jenkinsci,xcode-plugin,596.0
2259,starkbank,ecdsa-python,593.0
1806,node-fetch,node-fetch,592.6666666666666
808,evangelion1204,multi-ini,591.0
2347,turt2live,matrix-media-repo,590.5
2318,tm-kn,django-basic-auth-ip-whitelist,590.0
1270,jenkinsci,global-build-stats-plugin,590.0
587,cloudflare,cfrpki,589.1428571428571
603,codecov,codecov-python,587.0
2484,yhatt,jsx-slack,586.5
1681,melnaron,mel-spintax,586.0
1978,plone,plone.rest,585.0
1035,hhurz,tableexport.jquery.plugin,585.0
997,gulpjs,glob-parent,584.3333333333334
2450,workos,authkit-remix,584.0
1244,jenkinsci,extended-choice-parameter-plugin,583.0
466,aws,aws-iot-device-sdk-java-v2,583.0
1685,metarhia,metacalc,583.0
1111,isaacs,chownr,582.0
2018,puiterwijk,flask-oidc,581.0
501,bits-and-blooms,bloom,579.0
1596,lima-vm,lima,578.0
848,fastify,fastify-swagger-ui,577.0
1591,lief-project,LIEF,576.6666666666666
1880,openshift,apiserver-library-go,575.5
1682,membrane,soa-model,575.0
1936,paulc,dnslib,574.0
1735,monitorjbl,excel-streaming-reader,573.0
556,ceph,ceph-deploy,573.0
1575,latchset,jwcrypto,573.0
2350,twisted,treq,571.0
268,aheckmann,mquery,571.0
862,fgribreau,node-request-retry,569.0
269,ai,nanoid,569.0
1110,irrdnet,irrd,569.0
2051,pyupio,dparse,568.5
1489,jsonata-js,jsonata,568.0
1927,panates,putil-merge,568.0
1143,jazzband,django-user-sessions,568.0
1952,piccolo-orm,piccolo_admin,567.0
666,dask,distributed,567.0
428,apostrophecms,sanitize-html,566.25
416,apache,ws-wss4j,566.0
1822,notaryproject,specifications,562.0
852,faye,websocket-extensions-node,562.0
1170,jenkinsci,aws-credentials-plugin,560.5
2479,yarkeev,git-interface,560.0
142,NodeBB,NodeBB,559.7777777777778
678,deeplook,svglib,556.0
1690,microcks,microcks,554.5
1644,mar10,wsgidav,554.0
2094,robinbuschmann,sequelize-typescript,553.0
2158,semantic-release,semantic-release,553.0
324,apache,axis-axis1-java,552.5
724,dominictarr,libnested,552.0
2111,rudderlabs,rudder-server,551.6666666666666
1584,lenovo,Antilles,547.0
1958,pillarjs,send,547.0
307,ansys,pyansys-geometry,547.0
496,berriai,litellm,546.0
2412,wal-g,wal-g,546.0
218,TooTallNate,node-degenerator,545.5
563,charmbracelet,charm,545.0
1750,mportuga,eslint-detailed-reporter,544.0
1730,moment,moment,544.0
2439,wildfly,jboss-ejb-client,543.0
635,coreos,etcd,542.0
791,encode,uvicorn,542.0
388,apache,santuario-java,541.0
1974,plone,Products.ATContentTypes,540.0
311,anthraxx,diffoscope,540.0
1964,piranna,linux-cmdline,538.0
697,diegohaz,bodymen,537.0
2095,robinvdvleuten,shvl,536.0
2364,ulikunitz,xz,533.0
178,PythonCharmers,python-future,533.0
381,apache,poi,533.0
1946,petl-developers,petl,530.0
2269,strapi-community,strapi-plugin-protected-populate,530.0
1033,herber,hekto,528.0
1194,jenkinsci,cloudbees-jenkins-advisor-plugin,528.0
217,TogaTech,tEnvoy,527.0
734,dromara,sureness,527.0
690,devsnd,cherrymusic,526.0
1626,lukeed,nestie,525.0
892,frostming,rediswrapper,524.0
1316,jenkinsci,mask-passwords-plugin,523.0
912,getsentry,sentry-python,523.0
491,benbusby,whoogle-search,522.0
199,SiCKRAGE,SiCKRAGE,521.0
2345,tryton,trytond,519.625
1429,jenkinsci,xldeploy-plugin,517.5
1704,minio,console,517.0
1504,jupyterhub,dockerspawner,516.0
1938,paypal,nemo-appium,516.0
1772,natelong,p4,515.0
794,ensdomains,ens,515.0
1514,jwadhams,json-logic-js,515.0
1437,jessie-codes,safe-flat,514.0
408,apache,thrift,514.0
1125,janl,mustache.js,513.0
1625,lukeed,klona,513.0
839,fastify,fastify-bearer-auth,512.0
1699,microsoft,workspace-tools,511.0
1550,kordamp,json-lib,508.0
2291,takluyver,pyxdg,508.0
1242,jenkinsci,embeddable-build-status-plugin,508.0
179,Qix-,color-string,507.0
1452,joblib,joblib,507.0
1484,js-data,js-data,507.0
2047,pytorch,pytorch,506.6666666666667
594,cloudfoundry,gorouter,506.0
896,furlongm,openvpn-monitor,505.0
2065,ratpack,ratpack,503.75
714,djblets,djblets,503.5
2414,wandb,weave,503.0
148,OISF,suricata-update,501.0
936,go-yaml,yaml,501.0
1117,itext,rups,500.0
120,MagicStack,asyncpg,499.0
1420,jenkinsci,whitesource-plugin,499.0
1977,plone,plone.namedfile,498.0
2393,viking04,merge,498.0
725,doowb,set-getter,497.0
141,NiklasMerz,cordova-plugin-fingerprint-aio,496.0
1723,modoboa,modoboa,495.8333333333333
1926,pallets,werkzeug,495.1111111111111
159,OpenKMIP,PyKMIP,494.0
158,OpenIdentityPlatform,OpenAM,490.5
1800,nicotine-plus,nicotine-plus,489.0
2469,xwiki-contrib,application-ckeditor,489.0
866,fiznool,body-parser-xml,489.0
233,WeblateOrg,weblate,488.2857142857143
735,droolsjbpm,drools,488.0
46,DIRACGrid,DIRAC,488.0
823,expressjs,serve-static,487.0
1173,jenkinsci,aws-sam-plugin,487.0
968,goreleaser,goreleaser,486.0
477,babel,babel,486.0
1404,jenkinsci,test-results-aggregator-plugin,484.0
2357,typestack,class-transformer,483.0
222,TooTallNate,proxy-agents,483.0
2102,ronomon,opened,480.0
290,anchore,syft,480.0
752,ecies,go,480.0
105,Karlatemp,UnsafeAccessor,480.0
2196,smallrye,smallrye-health,480.0
531,buger,jsonparser,479.5
2389,vesse,node-ldapauth-fork,479.0
2017,pugjs,pug,479.0
355,apache,incubator-livy,479.0
1988,postcss,postcss,478.0
2323,todbot,Blink1Control2,476.25
510,borgbackup,borg,475.5
1368,jenkinsci,rest-list-parameter-plugin,474.0
1610,llGaetanll,obx,472.0
2353,twitter,twitter-server,471.0
931,go-macaron,macaron,471.0
2356,typelevel,grackle,470.0
1696,microsoft,go-crypto-openssl,469.0
1329,jenkinsci,neuvector-vulnerability-scanner-plugin,469.0
1845,oauth2-proxy,oauth2_proxy,468.0
175,PyMySQL,PyMySQL,468.0
2292,tankywoo,simiki,468.0
1475,jperelli,osm-static-maps,466.0
1939,pdm-project,pdm,466.0
2477,yargs,y18n,466.0
739,duke-git,lancet,465.0
1534,kitabisa,teler,464.5
1893,openstack,glance_store,464.0
117,LemonLDAPNG,node-lemonldap-ng-handler,463.0
1371,jenkinsci,rocketchatnotifier-plugin,463.0
250,acrontum,filesystem-template,462.0
1602,liquibase,liquibase,461.0
1062,huandu,facebook,461.0
436,arachnys,cabot,460.0
2128,saltcorn,saltcorn,457.0
1945,peterbraden,node-opencv,455.5
9,AdaptiveScale,lxdui,455.0
292,andrei-tatar,nora-firebase-common,455.0
34,Bouke,django-two-factor-auth,454.0
622,containerd,imgcrypt,454.0
98,JPeer264,node-git-commit-info,453.0
50,DataDog,import-in-the-middle,453.0
26,BYVoid,OpenCC,452.0
1419,jenkinsci,warnings-ng-plugin,452.0
2209,socketio,engine.io,451.75
2437,wichert,pyrad,451.0
2034,pyradius,pyrad,451.0
2455,xcritical-software,utilitify,449.0
1434,jenkinsci,zephyr-enterprise-test-management-plugin,449.0
79,GoogleChromeLabs,critters,448.0
17,AntonKueltz,fastecdsa,447.0
718,docsifyjs,docsify,446.0
1551,kornelski,http-cache-semantics,446.0
235,Woorank,robots-txt-guard,445.0
108,Kozea,CairoSVG,444.0
816,expo,expo,443.0
1114,isomorphic-git,cors-proxy,443.0
1700,miekg,dns,441.3333333333333
325,apache,calcite,439.0
2186,sindresorhus,normalize-url,439.0
1792,nexB,scancode.io,439.0
2333,totaljs,framework,437.6666666666667
1616,loge5,conf-cfg-ini,437.5
982,graphhopper,graphhopper,435.0
1736,mopemope,meinheld,433.6666666666667
143,NodeBB,nodebb-plugin-markdown,433.0
195,SamVerschueren,decode-uri-component,433.0
849,fastify,fastify-websocket,433.0
2117,russellhaering,gosaml2,432.6666666666667
1727,moinwiki,moin-1.9,432.0
772,edmundhung,conform,431.0
1865,openark,orchestrator,430.0
553,cea-hpc,sshproxy,430.0
1511,jupyterhub,systemdspawner,430.0
1248,jenkinsci,fitnesse-plugin,429.25
1718,mkomitee,requests-kerberos,429.0
2141,scandipwa,create-magento-app,429.0
91,IceWhaleTech,CasaOS-UserService,427.75
479,balderdashy,sails,427.0
2220,sonicdoe,detect-character-encoding,426.5
2326,tomas,network,424.6666666666667
443,ariabuckles,simple-markdown,424.5
321,apache,archiva,424.0
1432,jenkinsci,yet-another-build-visualizer-plugin,424.0
2327,tomerfiliba-org,rpyc,424.0
2493,zeromicro,go-zero,423.0
834,fagbokforlaget,pdfinfojs,422.0
1838,nuxt,icon,421.0
310,antfu,utils,420.0
2122,saeedseyfi,exec-local-bin,419.0
1832,npm,npm-user-validate,418.0
2304,thgh,rollup-plugin-serve,418.0
449,astaxie,beego,417.0
1604,litejs,uri-template-lite,415.0
1841,nvbn,thefuck,415.0
1203,jenkinsci,compuware-strobe-measurement-plugin,414.0
2241,spunjs,selenium-binaries,412.0
2110,rubygems,rubygems,411.25
2005,protobufjs,protobuf.js,411.0
445,arrow-kt,arrow,411.0
2410,w8tcha,CKEditor-WordCount-Plugin,410.5
489,belangeo,pyo,409.0
559,chainguard-dev,apko,409.0
59,Eugeny,ajenti,407.5
750,easy-team,easywebpack-cli,407.0
1686,mholt,PapaParse,407.0
879,folio-org,mod-data-export-spring,407.0
1703,minimistjs,minimist,407.0
686,detekt,detekt,407.0
225,TryGhost,node-sqlite3,406.5
2361,ubuntu,authd,406.0
1157,jenkinsci,agent-server-parameter-plugin,406.0
1388,jenkinsci,slack-plugin,404.0
1716,mkalioby,django-mfa2,404.0
769,ecnepsnai,web,404.0
887,fredrik-johansson,mpmath,402.5
1538,kjd,idna,400.0
576,ckeditor,ckeditor5-link,399.0
2449,workos,authkit-nextjs,398.0
939,godaddy,node-config-shield,398.0
1109,irmen,Pyro3,397.0
1354,jenkinsci,publish-over-cifs-plugin,397.0
1617,longshotlabs,simpl-schema,397.0
176,Pylons,colander,396.0
22,Atinux,schema-inspector,396.0
2265,steveukx,properties,395.0
23,Automattic,mongoose,394.42857142857144
1130,jaredhanson,passport,394.0
1603,lirantal,git-promise,394.0
2462,xsuchy,templated-dictionary,393.5
806,eugeneware,changeset,393.0
1172,jenkinsci,aws-global-configuration-plugin,393.0
1688,michaelliao,jopenid,392.0
2375,validatorjs,validator.js,391.0
1969,pksunkara,inflect,391.0
660,d0c-s4vage,lookatme,390.0
826,fabric8io,kubernetes-client,389.0
2194,skylot,jadx,389.0
1537,kiwitcms,kiwi,388.75
2040,python-openxml,python-docx,387.0
2093,robbert229,jwt,387.0
2299,thanethomson,MLAlchemy,387.0
1774,nats-io,nats-server,385.0
1563,kubevirt,kubevirt,385.0
1954,picketlink,picketlink-bindings,385.0
1991,primefaces,primefaces,384.0
921,github,hubot-scripts,383.0
763,eclipse-ee4j,glassfish,382.0
2490,zamotany,logkitty,382.0
1827,npm,hosted-git-info,382.0
1100,ipfs,aegir,381.0
1365,jenkinsci,repo-plugin,381.0
1990,pretalx,pretalx,380.0
905,genieacs,genieacs,380.0
863,filebrowser,filebrowser,379.0
1707,mithunsatheesh,node-rules,378.0
903,gemini-testing,png-img,377.0
961,google,slo-generator,376.0
987,graphql-java,graphql-java,376.0
1337,jenkinsci,openid-plugin,375.0
1553,kriszyp,msgpackr,374.0
270,aimhubio,aim,373.0
1243,jenkinsci,environment-manager-tools-plugin,372.0
928,go-ldap,ldap,371.0
937,goToMain,libosdp,369.5
1153,jenkinsci,JiraTestResultReporter-plugin,368.0
2433,welefen,ssrf-agent,368.0
1715,mjwwit,node-XMLHttpRequest,368.0
1639,mansuf,mangadex-downloader,367.0
751,easybuilders,easybuild-framework,367.0
779,elastic,beats,367.0
238,Xhofe,alist,367.0
1485,jsGiven,jsGiven,366.0
499,biscuit-auth,biscuit-java,366.0
824,external-secrets,external-secrets,366.0
1814,nodee-apps,utils,366.0
450,aubio,aubio,365.3333333333333
1200,jenkinsci,computer-queue-plugin,365.0
951,gomarkdown,markdown,365.0
2250,squirrellyjs,squirrelly,364.6666666666667
1358,jenkinsci,qualys-was-plugin,363.0
1067,hunterhacker,jdom,362.0
2256,stampit-org,supermixer,362.0
934,go-vela,server,361.0
1005,hakobe,paranoidhttp,361.0
1078,ilanschnell,bsdiff4,359.0
1886,openshift,osin,359.0
507,bndr,pipreqs,358.0
1754,mrousavy,react-native-mmkv,358.0
821,expressjs,method-override,358.0
2070,refraction-ray,xalpha,357.0
1608,ljharb,shell-quote,357.0
1384,jenkinsci,servicenow-devops-plugin,356.5
155,OpenAPITools,openapi-generator,356.0
492,benhmoore,Knwl,356.0
1225,jenkinsci,delphix-plugin,355.5
809,evanphx,json-patch,355.0
20,ArjunSharda,Searchor,355.0
1606,ljharb,npm-lockfile,353.0
2421,web3,web3.js,352.0
193,SAP,scimono,352.0
1469,josdejong,jsoneditor,351.0
566,checkstyle,checkstyle,350.0
1656,matrix-org,dendrite,350.0
240,Yomguithereal,baobab,350.0
818,expressjs,basic-auth-connect,350.0
589,cloudflare,cloudflared,349.0
139,Netflix,lemur,348.5
542,caolan,async,348.0
1587,lessthanoptimal,BoofCV,347.0
976,gradle,gradle,347.0
236,WordOps,WordOps,346.0
230,Vanessa219,vditor,345.0
825,fabiocaccamo,utils.js,345.0
2276,studygolang,studygolang,344.0
2109,rstacruz,markdown-it-decorate,344.0
513,bower,bower,344.0
1491,jsreport,jsreport-chrome-pdf,342.0
249,absolunet,kafe,342.0
1360,jenkinsci,radargun-plugin,342.0
1840,nuxtlabs,github-module,342.0
900,ganga-devs,ganga,342.0
2312,tinacms,tinacms,340.0
2223,sosreport,sos,339.5
627,containers,podman,339.2857142857143
242,Yubico,yubihsm-connector,339.0
1857,onionshare,onionshare,338.5
336,apache,deltaspike,337.0
2079,replit,crosis,337.0
1328,jenkinsci,nested-view-plugin,336.5
2012,pslegr,core-1,336.0
1621,lquixada,cross-fetch,334.0
2038,python-hyper,priority,334.0
2078,remy,undefsafe,334.0
1443,jhipster,jhipster-kotlin,332.0
2382,vemonet,libre-chat,332.0
2239,spring-projects,spring-session,329.0
521,brokercap,Bifrost,328.0
29,BadOPCode,NoDash,328.0
2096,robinweser,fast-loops,328.0
504,blakeembrey,js-template,327.0
226,Turistforeningen,node-im-metadata,327.0
626,containers,libpod,326.0
440,aresch,rencode,326.0
382,apache,pulsar,324.0
1526,keycloak,keycloak-nodejs-connect,323.0
1762,myshenin,aws-lambda-multipart-parser,323.0
2030,pypa,pip,322.6666666666667
590,cloudflare,goflow,322.0
1937,paxswill,evesrp,322.0
1973,play-with-docker,play-with-docker,321.0
1299,jenkinsci,keycloak-plugin,320.5
1710,mitreid-connect,OpenID-Connect-Java-Spring-Server,320.0
1417,jenkinsci,vncviewer-plugin,318.0
1968,pkrumins,node-tree-kill,318.0
1742,mozilla,PollBot,318.0
712,django-helpdesk,django-helpdesk,316.25
869,flipped-aurora,gin-vue-admin,316.0
1440,jfhbrook,node-ecstatic,314.5
2001,projectdiscovery,interactsh,314.0
1967,pjshumphreys,patchmerge,312.0
2508,zwczou,weixin-python,312.0
2358,ua-parser,uap-core,311.0
1546,kohsuke,libpam4j,311.0
2163,shime,find-exec,311.0
1373,jenkinsci,rpmsign-plugin,310.0
1447,jlangch,venice,308.0
591,cloudflare,golz4,308.0
1999,projectcapsule,capsule-proxy,308.0
1632,madler,zlib,308.0
2360,ubertidavide,fastbots,308.0
2422,webauthn4j,webauthn4j-spring-security,307.0
167,ParisNeo,lollms,307.0
920,github,hub,307.0
1394,jenkinsci,spring-config-plugin,305.0
904,gen2brain,go-unarr,304.0
1369,jenkinsci,rhnpush-plugin,304.0
2072,rejetto,hfs,304.0
420,apache,xmlgraphics-fop,303.0
258,adfinis,document-merge-service,303.0
111,KubeOperator,KubeOperator,302.0
1187,jenkinsci,build-with-parameters-plugin,302.0
1855,omphalos,crud-file-server,301.5
484,bbangert,beaker,301.0
1618,loopbackio,loopback-connector-postgresql,301.0
744,dwisiswant0,apkleaks,300.0
1523,keras-team,keras,300.0
2329,tony-tsx,cookiex-deep,296.0
1552,kriszyp,json-schema,295.3333333333333
472,aws-amplify,amplify-cli,295.0
256,adaltas,node-printf,294.0
2026,pyeve,eve,294.0
1002,h2database,h2database,294.0
130,Mostafa-Samir,zip-local,293.5
2496,zinclabs,zinc,293.0
832,facebookresearch,ParlAI,292.5
2274,stripe,stripe-cli,292.0
1205,jenkinsci,compuware-topaz-utilities-plugin,291.5
1804,nmanousos,email-existence,291.0
1206,jenkinsci,compuware-xpediter-code-coverage-plugin,290.0
876,fluxcd,source-controller,290.0
2418,weaveworks,weave,289.0
560,chalk,ansi-regex,289.0
247,abetlen,llama-cpp-python,289.0
652,cthackers,adm-zip,288.0
246,abersheeran,rpc.py,288.0
2145,schollz,rwtxt,285.0
1741,moxystudio,node-cross-spawn,285.0
623,containernetworking,plugins,284.0
1659,matrix-org,matrix-appservice-bridge,283.0
1431,jenkinsci,yaml-axis-plugin,282.0
1140,javamelody,javamelody,281.3333333333333
1457,johnpapa,generator-hottowel,281.0
2140,scalyr,scalyr-agent-2,281.0
1272,jenkinsci,gogs-webhook-plugin,280.0
1126,janl,node-jsonpointer,280.0
430,appium,appium-desktop,279.0
2253,ssoready,ssoready,279.0
1415,jenkinsci,visualworks-store-plugin,279.0
232,Vincit,objection.js,278.0
636,coreybutler,node-windows,277.0
1923,pallets,flask,276.6666666666667
1789,netplex,json-smart-v2,276.5
1163,jenkinsci,artifact-repository-parameter-plugin,275.0
2503,zopefoundation,Products.SQLAlchemyDA,274.0
516,brettwooldridge,NuProcess,274.0
2161,sergey-dryabzhinsky,python-zstd,274.0
1138,jaspernbrouwer,powerline-gitstatus,273.0
14,AlexxIT,go2rtc,273.0
413,apache,tomee,272.0
2115,runatlantis,atlantis,272.0
1207,jenkinsci,compuware-zadviser-api-plugin,271.0
1870,opencontainers,umoci,270.0
782,electron,packager,270.0
252,actions,http-client,270.0
827,facebook,create-react-app,268.0
1091,inikulin,replicator,267.0
505,blevesearch,bleve,267.0
1228,jenkinsci,depgraph-view-plugin,267.0
1468,jooby-project,jooby,266.0
1576,latchset,kdcproxy,265.0
2121,sa7mon,S3Scanner,265.0
699,diffplug,goomph,264.0
1759,mvpoland,django-ajax-utilities,264.0
264,agnivade,easy-scrypt,263.0
2236,spring-projects,spring-ldap,263.0
38,CloudCannon,pagefind,263.0
1846,oauthlib,oauthlib,263.0
830,facebook,nuclide,263.0
260,admesh,admesh,263.0
858,felixrieseberg,windows-build-tools,263.0
1521,kellyselden,git-diff-apply,261.0
2120,ryanlelek,Raneto,261.0
1359,jenkinsci,queue-cleanup-plugin,261.0
1503,jupyterhub,binderhub,260.0
965,gookit,goutil,260.0
657,cyanomiko,dcnnt-py,260.0
2277,substack,node-syntax-error,260.0
114,LLK,scratch-svg-renderer,259.0
1642,mapproxy,mapproxy,259.0
1931,parcel-bundler,parcel,259.0
746,dynamoose,dynamoose,259.0
2219,sonicdoe,ced,259.0
1766,mytrile,node-libnotify,258.0
2315,tj,node-cookie-signature,257.3333333333333
374,apache,netbeans-html4j,256.0
2042,python-poetry,cleo,256.0
332,apache,commons-net,252.0
2046,python-social-auth,social-app-django,252.0
1201,jenkinsci,compuware-common-configuration-plugin,251.0
480,balderdashy,sails-hook-sockets,251.0
2319,tnantoka,public,251.0
731,driverdan,node-XMLHttpRequest,251.0
730,drewnoakes,metadata-extractor,250.0
2168,significant-gravitas,autogpt,250.0
2148,scipy,scipy,249.0
641,cowtowncoder,java-merge-sort,249.0
101,Jasig,dotnet-cas-client,248.0
1145,jberet,jsr352,248.0
2032,pypa,setuptools,247.0
2500,zopefoundation,Products.CMFCore,247.0
2436,whyrusleeping,tar-utils,246.0
214,Tethik,flask-session-captcha,246.0
696,dhowden,tag,245.25
693,dgarijo,Widoco,245.0
1706,mirumee,saleor,244.5
210,TAXIIProject,libtaxii,243.0
525,browserless,chrome,243.0
227,Turistforeningen,node-im-resize,243.0
2084,reviewboard,reviewboard,242.0
1160,jenkinsci,android-signing-plugin,241.0
2293,taoyuan,ntesseract,241.0
1116,iterative,PyDrive2,238.0
2131,samholmes,node-open-graph,238.0
1050,hopsoft,turbo_boost-commands,237.0
1997,projectcalico,calico,236.5
745,dwisiswant0,cwa-filter-rules,236.0
1609,lkiesow,python-feedgen,236.0
2495,zhutougg,c3p0,236.0
2491,zauberzeug,nicegui,234.0
901,gchq,CyberChef,234.0
1080,imbrn,v8n,233.0
1064,huggingface,text-generation-inference,233.0
2325,tojocky,node-printer,232.0
2146,scifio,scifio,232.0
857,fedora-infra,python-fedora,231.0
2261,status-board,status-board,231.0
1728,mojocn,base64Captcha,230.5
1614,locutusjs,locutus,230.5
274,airbnb,knowledge-repo,230.0
454,auth0,express-jwt,229.0
1128,jaraco,zipp,228.0
1867,openclarity,kubeclarity,227.0
1462,jonschlinkert,merge-deep,226.5
1585,leo-editor,leo-editor,226.0
287,amauric,tarteaucitron.js,226.0
2332,totaljs,cms,226.0
1366,jenkinsci,requests-plugin,226.0
36,Bytom,bytom,225.0
1495,juliangruber,keypair,224.0
1094,inveniosoftware,invenio-drafts-resources,223.0
77,Giskard-AI,giskard,222.0
1984,poezio,slixmpp,222.0
1133,jashkenas,backbone,222.0
444,arrayfire,arrayfire-rust,221.0
1135,jasongoodwin,authentikat-jwt,220.0
2227,spiral-project,ihatemoney,220.0
2481,ydb-platform,ydb-go-sdk,219.0
702,dinever,golf,218.0
606,codemirror,CodeMirror,217.0
2054,qos-ch,slf4j,217.0
2044,python-restx,flask-restx,216.0
231,Venemo,node-lmdb,215.0
546,caronc,apprise,215.0
865,firebase,firebase-tools,213.0
1713,mjmlio,mjml,213.0
1732,mongodb,libmongocrypt,213.0
2240,springfox,springfox,211.0
144,NodeRedis,node-redis,211.0
1580,layui,layui,211.0
929,go-macaron,csrf,210.0
2381,vektah,gqlparser,210.0
674,dcodeIO,ClosureCompiler.js,208.0
1842,nwjs,npm-installer,207.0
554,celery,celery,207.0
369,apache,lucene,206.0
1884,openshift,openshift-controller-manager,206.0
2419,weaveworks,weave-gitops,205.0
129,Morgan-Phoenix,EnroCrypt,205.0
1010,hapijs,bassmaster,205.0
483,basecamp,trix,204.66666666666666
2013,psychobunny,nodebb-plugin-blog-comments,204.0
2082,requests,requests,204.0
2485,yi-ge,unzip,203.0
1041,hjson,hjson-java,203.0
1072,i3thuan5,TuiTse-TsuSin,201.0
803,ether,etherpad-lite,201.0
2483,yetanalytics,lrs,201.0
1852,oliversalzburg,i18n-node-angular,201.0
448,ashaffer,cached-path-relative,200.0
1545,kobezzza,Collection,200.0
1142,jaz303,git-clone,200.0
2384,vercel,ms,198.0
262,aedart,ion,198.0
999,guybedford,devcert,198.0
817,express-handlebars,express-handlebars,197.0
81,GrahamDumpleton,mod_wsgi,196.0
883,fonttools,fonttools,195.0
514,bradleyfalzon,ghinstallation,195.0
1835,nsupdate-info,nsupdate.info,195.0
813,ewen-lbh,ffcss,194.0
2342,trevp,tlslite,194.0
1635,mafintosh,tar-fs,194.0
309,antchfx,xmlquery,194.0
1509,jupyterhub,nbgitpuller,191.0
1769,nanopb,nanopb,191.0
2359,ubernostrum,django-registration,191.0
1826,npm,fstream,190.0
241,Yonle,bostr,190.0
219,TooTallNate,node-http-proxy-agent,189.0
1787,netlify,netlify-ipx,189.0
1729,moment,luxon,188.0
1011,hapijs,crumb,188.0
432,appleboy,gorush,187.0
2226,sparklemotion,nekohtml,187.0
859,feross,git-pull-or-clone,186.0
2435,whitesource,CureKit,185.0
2427,webpack,webpack,185.0
1108,ipython,ipython,185.0
460,authelia,authelia,185.0
8,ASaiAnudeep,deep-override,184.0
133,MrSwitch,hello.js,184.0
2210,socketio,engine.io-client,182.0
522,broofa,mime,182.0
1084,in-toto,in-toto-golang,182.0
1364,jenkinsci,release-plugin,181.0
530,btcsuite,go-socks,180.0
51,DataTables,DataTablesSrc,180.0
2307,thlorenz,browserify-shim,180.0
2486,youngerheart,nodeserver,179.0
861,ff4j,ff4j,179.0
2275,strukturag,libheif,179.0
2474,yairEO,tagify,179.0
571,cilium,cilium-cli,178.0
618,commenthol,safer-eval,176.0
891,fritzy,SleekXMPP,176.0
1079,illagrenan,django-make-app,176.0
1634,mafintosh,is-my-json-valid,175.0
1047,hoperyy,get-npm-package-version,175.0
1123,jamesturk,django-markupfield,175.0
1983,podium-lib,layout,174.0
1738,motioneye-project,motioneye,174.0
1522,kennethreitz,requests,174.0
2008,psd-tools,psd-tools,173.0
2337,transifex,transifex-client,173.0
224,TryGhost,express-hbs,173.0
500,bitly,oauth2_proxy,172.0
1456,johannschopplich,nuxt-api-party,171.0
1752,mrdoob,three.js,169.0
1501,jupyter-server,jupyter-scheduler,168.0
2136,sasstools,scss-tokenizer,168.0
349,apache,helix,167.5
1859,open-iscsi,rtslib-fb,167.0
877,flynn,noise,166.0
1613,locustio,locust,165.0
860,feross,simple-get,160.0
220,TooTallNate,node-https-proxy-agent,159.0
2252,ssnau,killport,159.0
1013,hapijs,formula,159.0
96,IonicaBizau,set-or-get.js,158.0
1725,modoboa,modoboa-installer,158.0
2373,vadimdemedes,secure-compare,157.0
1144,jazzband,tablib,155.0
2143,schokokeksorg,freewvs,154.5
1658,matrix-org,matrix-android-sdk2,154.0
1799,nicolas-van,modern-async,153.0
565,chbrown,rfc6902,152.0
2139,sbt,io,152.0
100,Janpot,mongodb-instance,151.0
1015,hapijs,hoek,150.5
1976,plone,Products.isurlinportal,150.0
1890,openstack,ceilometer,150.0
180,Quernest,arr-flatten-unflatten,149.0
2441,wildfly,wildfly-core,148.66666666666666
53,DedSecInside,TorBot,148.0
2055,quantizor,markdown-to-jsx,148.0
941,gofiber,template,147.0
103,JstnMcBrd,dectalk-tts,146.0
2346,tschaub,grunt-gh-pages,146.0
2341,trentm,python-markdown2,146.0
2313,tiny-conf,tiny-conf,145.0
661,daaku,nodejs-tmpl,145.0
482,bandoche,PyPinkSign,144.0
1436,jessfraz,pastebinit,142.0
2089,richardgirges,express-fileupload,142.0
1004,hakimel,reveal.js,142.0
1581,leanote,leanote,142.0
916,gin-contrib,cors,140.0
1460,jonschlinkert,defaults-deep,140.0
83,GuyMograbi,kill-by-port,139.0
880,folio-org,mod-remote-storage,138.0
1567,kylefarris,clamscan,137.0
71,FurqanSoftware,node-whois,137.0
1066,hughsk,flat,136.0
599,cocagne,pysrp,135.0
2251,ssbc,ssb-db,135.0
2431,webtorrent,webtorrent,134.0
1744,mozilla,hawk,133.0
1749,mpetroff,pannellum,132.0
1748,mpdavis,python-jose,131.0
1461,jonschlinkert,kind-of,130.0
1633,mafintosh,dns-packet,130.0
157,OpenIDC,pyoidc,130.0
2258,starkbank,ecdsa-java,129.0
243,ZJONSSON,node-unzipper,128.0
2246,square,go-jose,127.0
995,guillaumepotier,gettext.js,127.0
932,go-resty,resty,126.0
446,artdarek,go-unzip,124.0
1129,jaredhanson,oauth2orize-fprm,124.0
518,brianleroux,tiny-json-http,121.0
2073,relative,synchrony,120.0
2107,rrainn,PortProcesses,120.0
1146,jbgutierrez,path-parse,119.0
2352,twisted,txaws,117.0
1721,moby,buildkit,110.0
2152,scravy,node-macaddress,103.0
969,goreleaser,nfpm,87.0
2061,quill-mention,quill-mention,87.0
1023,hashicorp,go-retryablehttp,0.0
668,dataease,dataease,0.0
2081,request,request,0.0
2058,quartz-scheduler,quartz,0.0
1001,gzpan123,pip,0.0
2204,snyk,broker,0.0
215,TheThingsNetwork,lorawan-stack,0.0
706,divio,django-cms,0.0
1897,openstack,ironic-inspector,0.0
2287,sylabs,singularity,0.0
552,cdr,code-server,0.0
1267,jenkinsci,gitlab-logo-plugin,0.0
631,conversejs,converse.js,0.0
2442,wildfly-security,wildfly-elytron,0.0
