commit_id,file_path
e1fb38559efa085866f531b473f4050001b97b83,"[""LICENSE"", ""README.md""]"
26f200cb9382f38ac5b5ea77a94f39f68ee4ea6c,"["".gitignore"", ""dist/bundle.js"", ""index.html"", ""package.json"", ""src/js/index.js"", ""src/js/message.js"", ""webpack.config.js"", ""webpack.dev.server.js""]"
6f381ecb00bf039cf62a8ec4b7278bf8d9bbc038,"[""dist/Valine.min.js"", ""dist/Valine.min.js.map"", ""dist/bundle.js"", ""dist/index.html"", ""index.html"", ""package.json"", ""postcss.config.js"", ""src/Valine.js"", ""src/Valine.scss"", ""src/js/index.js"", ""src/js/message.js"", ""webpack.config.js"", ""webpack.dev.server.js""]"
ed7c453d21c0b4d012f6e5a4b4aae35c9c86c721,"[""src/message.js""]"
da526f2276b6b1fe72e9b589fb17ca9cddf07479,"[""package.json""]"
402cabce6a727d5a7b51986eaebd6b849fc36871,"[""dist/Valine.min.js"", ""dist/Valine.min.js.map"", ""dist/index.html"", ""docs/index.html"", ""package.json"", ""src/Valine.js"", ""src/Valine.scss""]"
284875306c5e0253311b8389aba07c0c40c18479,"[""dist/Valine.min.js"", ""dist/Valine.min.js.map"", ""docs/index.html"", ""index.html"", ""package.json"", ""src/Valine.js"", ""src/Valine.scss""]"
8f7aeeab9c8ff1255d3ca576026fbbf4702a860b,"[""dist/Valine.min.js"", ""dist/Valine.min.js.map"", ""src/Valine.js""]"
66560710803cee7b5db10bfdec512a481afa0203,"[""dist/Valine.min.js"", ""dist/Valine.min.js.map"", ""src/Valine.js""]"
6bfc14c0b45513c8755083958bf1de7e3cd6e827,"[""dist/Valine.min.js"", ""dist/Valine.min.js.map"", ""package.json"", ""src/Valine.js""]"
42279fb4fc99416b309f1b98a11b5319a9e8f969,"[""dist/Valine.min.js"", ""dist/Valine.min.js.map"", ""src/Valine.js""]"
cec4f8ee772c3a7970a5568c6060cc3e897548a9,"[""dist/Valine.min.js"", ""dist/Valine.min.js.map"", ""src/Valine.js""]"
9e9fc7646d2faae43a56c771d4d52288611624c6,"[""dist/Valine.min.js"", ""dist/Valine.min.js.map"", ""src/Valine.js""]"
7c20e08b0f75ace16ae1a20225615c8fe98e0e36,"[""index.html""]"
5aeb8a5a777aabc3c60eaa4e82c4959ef8c26329,"[""dist/Valine.min.js"", ""dist/Valine.min.js.map"", ""src/Valine.js""]"
e7073971b9e3c09cd6b2b6c5d60356953e456ad4,"[""dist/Valine.min.js"", ""dist/Valine.min.js.map"", ""src/Valine.js""]"
9fc0f9d22780e9ec7be2ded27045d9bffbd191d0,"[""dist/Valine.min.js"", ""dist/Valine.min.js.map"", ""src/Valine.js""]"
624ca39a373726436c55abf1393f56554de76778,"[""dist/Valine.min.js"", ""dist/Valine.min.js.map"", ""src/Valine.js""]"
ab51c31c57e9cc0025cb03e0a80ab4b11f2345c6,"[""dist/Valine.min.js"", ""dist/Valine.min.js.map"", ""src/Valine.js""]"
07e4ea6b532479ef672c8233ecf442f8603b3c47,"[""dist/Valine.min.js"", ""dist/Valine.min.js.map"", ""src/Valine.js""]"
80b708c75f8c4c1d5413a9b256894a7ee417af3f,"[""dist/Valine.min.js"", ""dist/Valine.min.js.map"", ""src/Valine.js""]"
f1dd3c79858ca92d4a7cfb1f8f00ff50eb88145f,"[""index.html"", ""src/Valine.js""]"
a780dfd4113b4c31109572e70441547b67180810,"[""dist/Valine.min.js"", ""dist/Valine.min.js.map"", ""src/Valine.js""]"
8307519db636523233c2eb2032d2ad18f851a9c7,"[""dist/Valine.min.js"", ""dist/Valine.min.js.map"", ""index.html"", ""src/Valine.js""]"
0a09e980e1b30b546d170b641d2baa48652c525e,"[""dist/Valine.min.js"", ""dist/Valine.min.js.map"", ""src/Valine.js"", ""src/Valine.scss""]"
b3cc3aaa14bba04e922471cae91700cf552d530b,"[""dist/Valine.min.js"", ""dist/Valine.min.js.map"", ""src/Valine.scss""]"
58d1ec809d2a35f22410121f2153578e4d48e078,"[""index.html""]"
d1b50b9502bc4604dea9954a34749f136d81237d,"[""dist/Valine.min.js"", ""dist/Valine.min.js.map"", ""src/Valine.js""]"
723c4c674c6ae14bae82b868489a44a52dcbb392,"[""dist/Valine.min.js"", ""dist/Valine.min.js.map"", ""src/Valine.js""]"
3494e900d013216c5ae57e2c9950cf0202111d2e,"[""dist/Valine.min.js"", ""dist/Valine.min.js.map"", ""src/Valine.js""]"
0898f5fe12df72fc325a7c7df8d2a31a423901fa,"[""dist/Valine.min.js"", ""dist/Valine.min.js.map"", ""src/Valine.js""]"
d70803ed8ca462695e5262a3a49bc5a0ffd36035,"[""dist/Valine.min.js"", ""dist/Valine.min.js.map"", ""src/Valine.js""]"
41dc7bad48320bdbbf44808efa25d9497d6510b4,"[""dist/Valine.min.js"", ""dist/Valine.min.js.map"", ""src/Valine.js""]"
5f3e22024de58a79f437c6ac908a44edca9c3d2c,"[""dist/Valine.min.js"", ""dist/Valine.min.js.map"", ""src/Valine.js""]"
94d7b5b1b3eafec2a900beea722171b26249b90e,"[""dist/Valine.min.js"", ""dist/Valine.min.js.map"", ""index.html"", ""package.json"", ""src/Valine.js"", ""src/Valine.scss""]"
b8b536ad4fd246f490376ca2c9f01750f358363e,"[""dist/Valine.min.js"", ""dist/Valine.min.js.map"", ""index.html"", ""src/Valine.js"", ""src/Valine.scss""]"
b66cef60644e33db9e0e52f7e881f5d91dfcc820,"[""dist/Valine.min.js"", ""dist/Valine.min.js.map"", ""src/Valine.js"", ""src/Valine.scss""]"
916abf4a1403b0ead58f9568a5cc36a3f4615bb8,"[""dist/Valine.min.js"", ""dist/Valine.min.js.map"", ""src/Valine.js""]"
e98158a65a34b4f5ad15febfb5bdf6c8c0778e39,"[""dist/Valine.min.js"", ""dist/Valine.min.js.map"", ""src/Valine.js""]"
9778b0a16b39aa56e60f40e4a34e050135a9ef02,"[""dist/Valine.min.js"", ""dist/Valine.min.js.map"", ""src/Valine.js""]"
1634ecd55864d2f336475a8f02337ace5885cd37,"[""src/Valine.js""]"
768c63bce2e295cb23c56a371102070b3cc9dd91,"[""src/Valine.js""]"
c27b4e90264db1ea32ec78524616a230507d64a8,"[""src/Valine.js""]"
3b7ff2a334042019bd301feb6ea16923346573ea,"[""dist/Valine.min.js"", ""dist/Valine.min.js.map""]"
f6824229845ebc0861e6f9762f9f48ded83495b7,"[""dist/Valine.min.js"", ""dist/Valine.min.js.map"", ""src/Valine.js"", ""src/Valine.scss""]"
a13bb5f1d95e0c84cf405f8ddcac0ef5f266a0aa,"[""dist/Valine.min.js"", ""dist/Valine.min.js.map"", ""src/Valine.js""]"
0d8ce67ee2a07e8aafde0f13679bca6b2cac8dbc,"[""dist/Valine.min.js"", ""dist/Valine.min.js.map"", ""src/Valine.js""]"
5f15f3c9a489ee2d4c471daff939d129424aef88,"[""dist/Valine.min.js"", ""dist/Valine.min.js.map"", ""src/Valine.js""]"
b6ee70f9f69410a4475436b4447c367568bb276b,"[""dist/Valine.min.js"", ""dist/Valine.min.js.map"", ""src/Valine.js""]"
4bbdae8bef84b28130b5824c8e9dadbc8862d4e9,"[""dist/Valine.min.js"", ""dist/Valine.min.js.map"", ""src/Valine.js""]"
74bd28a3fb901c56e2273669436823574f91515e,"[""dist/Valine.min.js"", ""dist/Valine.min.js.map"", ""src/Valine.js"", ""webpack.config.js""]"
630b392d15dd6f9e9f299b8cda662f399f79592d,"[""dist/Valine.min.js"", ""src/Valine.js""]"
0cf82017f3678fdbb258056f365d46c4885e3193,"[""dist/Valine.min.js"", ""package.json"", ""src/Valine.js""]"
a2290a646eef7b3e9cc2e20673950baf986953d8,"[""dist/Valine.min.js"", ""src/Valine.js""]"
d4cae13091deff61bbec4aac5192e02c8fd1d97c,"[""dist/Valine.min.js"", ""src/Valine.js""]"
f28ddcbe0a801ca27056b1a1674d550059424407,"[""dist/Valine.min.js"", ""src/Valine.js""]"
57e1aed708888bbf4e04dc862b3d437db378b00b,"[""dist/Valine.min.js"", ""package.json"", ""src/Valine.js""]"
7b024401c5407bf25aced1759abb37a733bbfe1e,"[""package.json""]"
75efc082fd4138d794dad79ba198e7bd74bcce34,"[""dist/Valine.min.js"", ""package.json"", ""src/Valine.js"", ""src/Valine.scss""]"
cfad9c84ec7789645729176d67a0c1f75d3b8cf0,"[""dist/Valine.min.js"", ""src/Valine.js"", ""src/Valine.scss""]"
b653c08491e736ea979c654b635bee3850a0a41b,"[""dist/Valine.min.js"", ""src/Valine.js""]"
65357efd9a2d5e4da48de993d65e26a1d6224376,"["".npmignore"", ""README.md"", ""package.json""]"
1fdfaad8edf98ea4828d80b27fd7d4eba59105e4,"[""README.md""]"
8f6732f4321d93d527d410b721a94f9249207f8e,"[""README.md""]"
8da85529065034037c504f289d6a6f27a0f8688c,"[""README.md""]"
5ec8ba8bf3956c90e3d13caaf4b98cbf68c8342c,"[""dist/Valine.min.js"", ""src/Valine.js""]"
2493c8bc61f294ed0ab168fd20ef6ae1f16ddf92,"[""README.md""]"
8bba75f9e7b88f7357a38b98873109c83d6cc3a1,"[""package.json""]"
c55e75558d09d1322b72109d104bc2564eb46f87,"[""README.md"", ""logo.opacity.png"", ""logo.png""]"
da035769fe5bc3d7b9c5f15386fa4a7bad2362f4,"[""README.md""]"
0ecaebd2b923be534d93e00230669e7ad544f09f,"[""dist/Valine.min.js"", ""package.json"", ""src/Valine.js""]"
492700c436c94330acacf0db9358b9b21b54b700,"[""dist/Valine.min.js"", ""index.html"", ""package.json"", ""src/Valine.scss""]"
4b70c48b11ce779dd43b1e22d98615ffded14894,"[""README.md""]"
8e2ed4256c2822a95e333d4cecf081711063dd16,"[""README.md""]"
92308faca56e725aa877906710ce9d35f1873bf8,"[""README.md""]"
6fde500a9574c4e3a93d9f372706db19da520def,"[""README.md""]"
351ac6f69ff717ad057fbe69cf24afe952e5d068,"[""README.md""]"
9ef5fe78ce27d840336063c58c0cc61364f314ce,"[""README.md"", ""src/images/alipay.png"", ""src/images/wechatpay.png""]"
d33c7a656c09028aa1618dfe40ffbf17c3d346ce,"[""README.md""]"
1bedaa51db5674d1b6781d0e09ff54abcabba084,"[""README.md""]"
581d977c551b5422c46f7558cbd1127caa19c88a,"[""README.md"", ""dist/Valine.min.js"", ""src/Valine.scss"", ""logo.opacity.png"", ""logo.png""]"
5906efca7072383691267ceee454a89e31f4d35c,"[""dist/Valine.min.js"", ""src/Valine.js""]"
c89a4e1303814095eff6c925bdda0118477c1bea,"["".circle.yml"", ""README.md"", ""dist/Valine.min.js"", ""index.html"", ""src/Valine.js""]"
64ee2917eb0773a904fbe4db92ad06ad7e12c291,"[""README.md""]"
2392c7c75e2aad7568f9190125bf3c514001cbfb,"[""README.md""]"
21fdeecc6e2391aa5000f6fa315cefc074bb059b,"[""README.md""]"
f7b718bb60f691de30eb6ff0c5cd3ab4a441999a,"[""dist/Valine.min.js"", ""package.json"", ""src/Valine.js""]"
6cd4c1f991d07787fd3dbae07811050e2e227596,"[""README.md""]"
8ced693524ef1b82901122b7a6037b89917fc1aa,"[""dist/Valine.min.js"", ""src/Valine.scss""]"
ec3e111f8f59cf1abe29934324bfad8b90526f06,"[""package.json""]"
63d59b90ec922e8cfbc9f1f8dbf1eae28f4e9fcf,"[""README.md""]"
01e95b1bafebbb9ac9b4c208156dacc78180d65a,"[""README.md""]"
5ab675e28cd438c3f3b90d33faa442727211f3c3,"[""README.md""]"
9fe1eb4aabb69cc689961589f089f000cc2e88e1,"[""dist/Valine.min.js"", ""src/Valine.js""]"
5746f870d2c68212d1084e8ba9cd2ece3deca31d,"[""package.json""]"
a3c52f19460c8a6a28ffcf54108d65b7b2055cc0,"[""README.md""]"
1b8fd9e3381e2648b3d765b471729e7232374133,"["".npmignore"", ""README.md""]"
8b88a26d2aee7e23e2612c11467cc73a819db219,"[""dist/Valine.min.js"", ""src/Valine.js""]"
7f5ebb69efa9666d0934d26c86eb4b4aa741547f,"[""README.md"", ""dist/Valine.min.js"", ""package.json"", ""src/Valine.js""]"
3edc8a6a1c96c54a3a9f102bde3f1b8b856b4f42,"[""dist/Valine.min.js"", ""src/Valine.js""]"
bc19b69449c4a76b65e8e461c38fa255942d2a13,"[""dist/Valine.min.js"", ""src/Valine.js""]"
dd73fc09d83631d28052734e15080016e2884c92,"[""dist/Valine.min.js"", ""package.json"", ""src/Valine.js""]"
9055087864c4e206a33bbd28caa01b30fc9647ad,"[""src/Valine.js""]"
7fb4a659541947cf8101511d493b7fe291c0c58f,"[""dist/Valine.min.js""]"
948bf9422f20e4c4b09570ec82cc25ae7cceb6f0,"[""dist/Valine.min.js"", ""src/Valine.js""]"
7ff5f8bd38998aa09506f09dd4a8f7b881f8673f,"[""dist/Valine.min.js"", ""src/Valine.js""]"
848f752ca7878adaebc12cff5fc32fcc2baf21bc,"[""dist/Valine.min.js"", ""src/Valine.js"", ""src/Valine.scss""]"
f28771ebbf048bbf3fda41c19741f29bc3666701,"[""dist/Valine.min.js"", ""src/Valine.js"", ""src/Valine.scss""]"
8759516ac1985b45c4554c046c430e0c05b00741,"[""dist/Valine.min.js"", ""src/Valine.js""]"
fea03e1757f4970bf400441e123d711e7713d25c,"[""dist/Valine.min.js"", ""src/Valine.js""]"
c833c8f47aa9aee0ec8c2af8e14bbee00b7d920d,"[""dist/Valine.min.js"", ""src/Valine.js""]"
78a0296eb9f634b566f14ce79d7f159395973417,"[""dist/Valine.min.js"", ""src/Valine.js""]"
ec445609722085f4dc59c333dbaa2b8b45c329c5,"[""dist/Valine.min.js"", ""src/Valine.js""]"
08fe16aaddc9f3468b8de6f184128b3663894865,"[""dist/Valine.min.js"", ""package.json"", ""src/Valine.js"", ""src/Valine.scss""]"
445d2dda2888c702fcb72af8f6e80a1f26a6274f,"[""dist/Valine.min.js"", ""src/Valine.scss""]"
310810849e8b8c378b1a720c0e695d7096b6d331,"[""dist/Valine.min.js"", ""src/Valine.js""]"
2709612f2c31aee1f9aa508716ca301caa7626b1,"[""package.json""]"
557cc2e313c1646bcd221439ca700651d9b576f7,"[""dist/Valine.min.js"", ""src/Valine.js"", ""src/Valine.scss""]"
3f8c96d9281b825b267b21f09ef1f3fe148a9503,"[""dist/Valine.min.js"", ""package.json"", ""src/Valine.scss""]"
9d703ec5ab8491dcd8cff13f213367d2fc7bc591,"[""dist/Valine.min.js"", ""package.json"", ""src/Valine.js""]"
23a08fb88f6803e3b5e9b28f4ec9b03c37c954d6,"[""dist/Valine.min.js"", ""src/Valine.js""]"
46deca230b2c826ca4a283b3656312ad90a9ce19,"[""dist/Valine.min.js"", ""src/Valine.js""]"
551f1e0dc6bb3f220a72c439143e7d35be0b394b,"[""src/Valine.js""]"
f7ed52b8152f8b91169459e9a19779dcf580a703,"[""dist/Valine.min.js""]"
7ca56c32a28b45441c2b0f443aa88b5a9f571b80,"[""dist/Valine.min.js"", ""package.json"", ""src/Valine.js""]"
05623b1b6514fe199cf9f963852e4da14002aeb4,"[""dist/Valine.min.js"", ""src/Valine.js""]"
99003289cdde552bdabdab76717ed95cfbab94f2,"[""dist/Valine.min.js"", ""src/Valine.js""]"
58e49b4c20932055a7f6c0243b3e0342a8ee6f77,"[""dist/Valine.min.js"", ""src/Valine.js""]"
a46c5fd562b337e2af37dd80e282636d1301a145,"[""dist/Valine.min.js"", ""src/Valine.js""]"
bb39b1228074e2ea74d2a1b38d300c452ef6c9b4,"[""package.json""]"
1c39364e5d3716d26b89aa0248c356e12259a1ed,"[""dist/Valine.min.js"", ""src/Valine.js""]"
60bc2963a3df0949ec7572274b9115ce0fc646e3,"[""dist/Valine.min.js"", ""src/Valine.js""]"
9876cdd26e68dd213414c4396530ec144b6f3c84,"[""dist/Valine.min.js"", ""src/Valine.js""]"
d113b376d1f9538f3ceda89dd7d552a528a32602,"[""dist/Valine.min.js"", ""src/Valine.js""]"
c8a35c0bd4f998e618869a76bd97954f5e741d01,"[""README.md""]"
b8b0d60d6171493f56159ec514e1516f95cb445d,"[""README.md""]"
733f18b6e1ff06b2631cb6b39576c92bdf7f260f,"[""README.md""]"
4b71fb81c7f6b95b505c3a0e2b1236ba8db8460d,"[""Valine.min.js"", ""Valine.min.js.map"", ""dist/Valine.min.js"", ""index.html"", ""src/Valine.js"", ""webpack.config.js""]"
a60e9a3d69e313375c02b3f84a8e20194a6e6d5a,"[""Valine.min.js"", ""webpack.config.js""]"
e0ecab5d03826ba455052702ff86e98046fd8971,"[""Valine.min.js"", ""Valine.min.js.map"", ""dist/Valine.min.js"", ""webpack.config.js""]"
68a8023f24e3bf4fccec0e3ac5e315b8ae0fa6e5,"[""dist/Valine.min.js"", ""dist/Valine.min.js.map"", ""index.html"", ""src/Valine.js"", ""webpack.config.js""]"
9dec6a422a684868d68c71d6d1a8ec122026c4ba,"[""dist/Valine.min.js"", ""dist/Valine.min.js.map"", ""index.html"", ""package.json"", ""src/Valine.js"", ""src/Valine.scss""]"
47667f94b3522da0ecfb4977b03c30b5df9bec50,"[""index.html"", ""src/Valine.js""]"
89fa53ff8192e389e7f7e58d539e50efbcc5d5fa,"[""index.html""]"
51784bb4d0e3df70db46840a128e4e822eb62086,"[""dist/Valine.min.js"", ""dist/Valine.min.js.map"", ""package.json"", ""src/Valine.js"", ""src/Valine.scss""]"
44d4576c1d00fa3ff884883d567210c4525fb991,"[""dist/Valine.min.js"", ""webpack.config.js""]"
d5137aa623de556dc994263f22aeea6d19be0437,"[""dist/Valine.min.js"", ""index.html"", ""package.json"", ""src/Valine.js"", ""src/Valine.scss""]"
c8fbe6893f60bb84f09b5bbd28fbaafc7f6d3e57,"[""index.html""]"
1583809dfc4a3d41ff6e32c339daa281f5517061,"[""dist/Valine.min.js"", ""index.html"", ""package.json"", ""src/Valine.js""]"
48c93e8e0778c84e5ce77463bf69c4fc31593144,"["".github/ISSUE_TEMPLATE.md"", ""dist/Valine.min.js"", ""package.json"", ""src/Valine.js""]"
cefd272eacdea665f20bc1eeeb18780984896eb2,"[""README.md""]"
035c6f9749a876b1001b49172d4df0030e2e707a,"[""README.md""]"
c2fdc1864a616cc55f275d090f38795e75cc56e5,"["".github/ISSUE_TEMPLATE.md""]"
71eb4e59ec999a37673dff8bd855a7e2c812ce52,"[""README.md"", ""dist/Valine.min.js"", ""dist/Valine.min.js.map"", ""index.html"", ""package.json"", ""src/Valine.js"", ""webpack.config.js""]"
4426a9867d31cf6d87eb9b8cb06b415122442942,"[""dist/Valine.min.js"", ""dist/Valine.min.js.map"", ""index.html"", ""src/Valine.js""]"
13cf50216db2a65970392e58f189b8b1ba1edc8e,"[""dist/Valine.min.js"", ""dist/Valine.min.js.map"", ""package.json"", ""src/Valine.js""]"
5c1c26b66dc50276cbea72419d141332e30c3371,"[""CNAME""]"
5391e1f66d14f10b3012da0b95e2876903516d2b,"[""index.html""]"
3dbfeb60ead5e5dddc7e9e7d6c1c84b767c307c9,"[""README.md""]"
7855d304d8975c89a652610bdd48896b6d614c87,"[""index.html""]"
35b481ca22ab98bdc0c19b41091622047222bf84,"[""dist/Valine.min.js"", ""webpack.config.js""]"
6870e844d70341d4a01d9f5ccc2e33b1004a38f9,"[""dist/Valine.min.js"", ""dist/Valine.min.js.map"", ""package.json"", ""src/Valine.js"", ""src/Valine.scss"", ""webpack.config.js""]"
239bf64183ec2007c9e873bf7d3f6d37da7f0c57,"[""dist/Valine.min.js"", ""index.html"", ""src/Valine.js"", ""src/Valine.scss""]"
53f640bfa92e9d6be5fbd1abfb7e0b2011d91995,"[""dist/Valine.min.js"", ""src/Valine.js""]"
f7e42120acebcbddc9e94c9762199282864d48e3,"[""src/Valine.js""]"
57c0babbc13767b38a497139784d68e92601b5b7,"[""dist/Valine.min.js"", ""dist/Valine.min.js.map"", ""src/Valine.js"", ""src/Valine.scss"", ""webpack.config.js""]"
5272bb27687f53f94fc786a64fbc95ec56d3ec9b,"[""README.md"", ""dist/Valine.min.js"", ""src/Valine.js"", ""src/Valine.scss"", ""webpack.config.js""]"
586ba8d6c2e96768d9e621157695a77545e736fe,"[""README.md"", ""index.html"", ""src/Valine.js"", ""src/assets/alipay.png"", ""src/images/logo.opacity.png"", ""src/images/logo.png"", ""src/assets/wechat.png"", ""src/images/alipay.png"", ""src/images/wechatpay.png""]"
0c399463b7fef99149eaddda8533fd5ee1064398,"[""README.md""]"
18bfb1e5df086d26c10b8df483cbee9a87fb28f0,"[""README.md""]"
1bc57be468dd450d1eac46743e2ee9f167719c3a,"[""README.md""]"
e227babc9876b04bbeaa0d8c60e019088c30be52,"[""dist/Valine.min.js"", ""package.json"", ""src/Valine.js""]"
17f12eba495fe70a05c5a39f9cfab6816a1dcd35,"[""README.md""]"
5dd3229cd54172aff99d87f0858eb76688b1c7c0,"[""README.md""]"
a77d0c00cc2e64e659734973e221430005416e67,"[""README.md""]"
36487de2de6c3f58dbbaff9f192b783d905e4cba,"[""README.md""]"
d47e7fe95f9a8059d0b1128b5155170152527f61,"[""README.md""]"
46bf763dd8f59098a14f0dc8eff0ed0c993c662e,"[""dist/Valine.min.js"", ""src/Valine.scss""]"
93c547757826dc628e204dfe73a8e8c782dfd524,"[""src/Valine.scss""]"
380666d424891d485efce2aced82f943bf5ad4cb,"[""dist/Valine.min.js""]"
7d0746c6676efdb97fa3a8fefd1753033ce55425,"[""dist/Valine.min.js"", ""package.json"", ""src/Valine.js"", ""src/Valine.scss""]"
b912af24370c94be9c01c08a353bd9801db6dc77,"[""README.md""]"
80e25b0ee90742bf52e60df4ae924fd788e1d5c0,"[""README.md""]"
206e4df42d719439d71217be8c90025a0342f289,"[""README.md""]"
687421bb9d2c640a330981c1ceefe8a42993c673,"[""README.md""]"
b4717740cc52d25063e095b71d3012f505109a79,"[""dist/Valine.min.js"", ""src/Valine.js"", ""src/Valine.scss""]"
65ea9932f090e71a2f94a999e1562502653c8173,"[""dist/Valine.min.js"", ""src/Valine.scss""]"
a4bc0b1e796866a7576303c4cc1882a1ba83d8ad,"[""dist/Valine.min.js"", ""package.json"", ""src/Valine.js""]"
71dcdef75396405f9ee6cbdada0d8cbb012cc7f1,"[""dist/Valine.min.js"", ""src/Valine.js""]"
10b96be9a5793866f0ad4f97819822df445ac341,"[""dist/Valine.min.js"", ""src/Valine.js""]"
70d68aee992318fc9620d6ba584a6d56ffe43400,"[""dist/Valine.min.js"", ""src/Valine.js"", ""src/Valine.scss""]"
0378df02100d987c086afdca3b6459a09e064928,"[""index.html""]"
c3c200cf42ab2518188530759506fc0326a0bce9,"[""dist/Valine.min.js"", ""src/Valine.scss""]"
82e68d9d289c0904f5a7c7f9d8f0c5d2cee8fdcb,"[""package.json""]"
d647bef02133fb8f501021a95ca0003e0646ab14,"[""dist/Valine.min.js""]"
dd2c423dbf860df9942c80d7ac9d712483385442,"[""dist/Valine.min.js""]"
18db8c048d4fa15e639408c11518fdfa63c1c707,"[""dist/Valine.min.js"", ""dist/Valine.min.js.map"", ""package.json"", ""src/Valine.js""]"
36bcd9be040328425bb75af76cbe9717cb7afb28,"[""README.md""]"
a8b4b92c46e278f4310bc725b0d93e5a7f7c4355,"[""README.md""]"
8de452b8c5ce84199558c717c0136e14715301a4,"[""dist/Valine.min.js"", ""package.json"", ""src/Valine.js"", ""webpack.config.js""]"
13c15d9b992a570a9bb04c76dad53ef0934e9f85,"[""README.md""]"
94ff91d2439825b4895a7f01f366c4eda02510c4,"[""README.md""]"
e06b0847e83329c151c4aae68266c52b5220a851,"[""README.md""]"
680bd086b8a1c46b7ece9f380a38add872657177,"[""README.md""]"
c2c2a7cd4bc1a0eecbf8368308529f56525b3352,"[""README.md""]"
13a92a5977a2061ba77dbeda999e6a817bbb93eb,"[""README.md""]"
febc36b94d6a26dde283c1fb1cc9c3344cf6eaf1,"[""README.md""]"
fa595e4f7832e53f2359355b995c6166bc3c06e1,"[""dist/Valine.min.js"", ""src/Valine.js""]"
a7a77d6c6e91c8dc08540d99bcb60a6aecdb7587,"[""src/Valine.js""]"
32fa475416d2d6b9d9433c5e8dbea9c27a36e67d,"[""dist/Valine.min.js"", ""index.html"", ""package.json"", ""src/Valine.js"", ""src/Valine.scss""]"
61bc18de0c6db032fee05a88373c60584923ccab,"[""index.html""]"
4dab6d63e6a89ee20892527c0e8775412083b15f,"[""src/Valine.scss""]"
ab05b4e71619e670963da6747ad3137208fd0a9f,"[""dist/Valine.min.js"", ""src/Valine.scss""]"
7968705645c722abc1c936ea2c0b7a870a331fb2,"[""dist/Valine.min.js"", ""src/Valine.js"", ""src/Valine.scss""]"
d756b40e0a58d583eaaf2a8d1df605c001645228,"["".babelrc"", ""dist/Valine.min.js"", ""package.json"", ""src/Valine.js"", ""src/Valine.scss"", ""webpack.config.js""]"
b156609454029f406ef141e60e83617d16afb9b8,"[""package.json"", ""src/Valine.js""]"
c76569967d2b4f9988c81d0df0a0fba682b9ea62,"[""dist/Valine.min.js""]"
e817c8586cabe8d974912231b1eabbce0bc82304,"[""dist/Valine.min.js"", ""package.json"", ""src/Valine.js"", ""src/Valine.scss""]"
b1dfbf7d2715155386f4ac5a60c97f0eb5cbec4d,"[""dist/Valine.min.js""]"
091342151204d2a1bb780b2cef7c3779afc7f896,"[""README.md"", ""dist/Valine.min.js"", ""index.html"", ""package.json"", ""src/Valine.js""]"
f6bd2ad9283a6dc2fb0c8e3ef7a74fb50a5bffea,"[""README.md"", ""docs/.nojekyll"", ""docs/README.md"", ""docs/_coverpage.md"", ""docs/_sidebar.md"", ""docs/assets/alipay.png"", ""docs/assets/logo.opacity.png"", ""docs/assets/logo.png"", ""docs/assets/wechat.png"", ""docs/configuration.md"", ""docs/index.html"", ""docs/quickstart.md"", ""docs/try.html"", ""docs/zh-cn/_sidebar.md"", ""package.json""]"
6d783b665056287773ce66beafecd855162ae603,"[""docs/README.md""]"
3e340d6e2a9f25c2781c9679c80e944390b2d29d,"[""docs/try.html""]"
a70780d0cbe190a48a91b9f420a37cb4b4bcaa63,"[""docs/try.html""]"
f1b9639b0b1efcdbb023f4ae5872b6936bee6fd2,"[""docs/try.html""]"
143434db6ed47b532ed61c157743271f3723f53a,"[""docs/CNAME""]"
29c594bd8c5710f7fa1427295222a1bc35a0581c,"[""docs/_sidebar.md""]"
370b1b40f3ab6195fcb87b44f4fc6fcf1ace39b6,"[""CNAME"", ""README.md"", ""docs/README.md""]"
855f1e1046ee4e819021f3a3e17e690d39700bcd,"[""docs/try.html""]"
74c47ce2938ee5d7861daf7a2b4a94fe188641a6,"[""README.md""]"
53976d14b0d16c53c3d02ee38b356e538006b70b,"[""docs/try.html""]"
16eb10fb790fa2f958a3f03ddb387604883cb6bc,"[""docs/index.html""]"
47ee0a423287c7e1c5b7cbf0bf73c62cf2da135a,"["".babelrc"", ""README.md"", ""dist/Valine.min.js"", ""dist/Valine.min.js.map"", ""docs/README.md"", ""docs/_coverpage.md"", ""docs/_sidebar.md"", ""docs/configuration.md"", ""docs/hexo.md"", ""docs/index.html"", ""docs/quickstart.md"", ""docs/try.html"", ""index.html"", ""package.json"", ""src/Valine.js"", ""webpack.config.js""]"
297f4e2b964ba2b653cad454c62e550b0602dafb,"["".babelrc"", ""docs/_sidebar.md"", ""docs/hexo.md"", ""docs/index.html"", ""docs/quickstart.md"", ""webpack.config.js""]"
3bd94faf3a1a783c7d26d416953034d904aac3a7,"[""dist/Valine.min.js"", ""src/Valine.js""]"
f61ef171a6c12eec2152381f957c805d01c8b09f,"[""docs/_sidebar.md"", ""docs/avatar.md"", ""docs/hexo.md"", ""docs/notify.md"", ""src/Valine.js""]"
142aa78b0a0ce7683a00a1f343ac45ee0dd66747,"[""docs/notify.md""]"
d8d96ef90326dfdef0c107ec3316af5a05118ad9,"[""dist/Valine.min.js"", ""src/Valine.scss""]"
643f775fe1fb25f8b2f60c61d216202bbe86bcc9,"[""docs/README.md"", ""docs/_navbar.md"", ""docs/_sidebar.md"", ""docs/avatar.md"", ""docs/cdn.md"", ""docs/configuration.md"", ""docs/en/README.md"", ""docs/en/_sidebar.md"", ""docs/en/avatar.md"", ""docs/en/cdn.md"", ""docs/en/configuration.md"", ""docs/en/hexo.md"", ""docs/notify.md"", ""docs/en/quickstart.md"", ""docs/hexo.md"", ""docs/index.html"", ""docs/quickstart.md"", ""docs/try.html"", ""docs/zh-cn/_sidebar.md""]"
80cca91dbff2514e1704d5fef432dde8b6d308fb,"["".npmignore""]"
76e917b0940b1e646c355c49db1fe016b4d6913d,"[""docs/README.md""]"
3f04f0ba98268f0b79ffefd0be5958617772b021,"[""docs/README.md"", ""docs/en/README.md""]"
61d7a766aebd07e1ff8e63dcb268bf4f6807554b,"[""docs/configuration.md""]"
45c1a5735e68307e4f723d070a4ec30c8ff599b1,"[""docs/quickstart.md""]"
472a72f28ca9535c7e47551a13c1d45bb61429ea,"[""docs/quickstart.md""]"
5ef57572ae18cc52ee7ec1adb8f6e5518f4f4e34,"[""docs/hexo.md""]"
41c9acc8bc704abf0050ebd392e7bc56e3b65d6f,"[""docs/hexo.md""]"
cc4c39a2201aa985cdfebe60ba4affca3a64ca2b,"[""index.html"", ""src/Valine.js"", ""src/Valine.scss""]"
8f38b35f5812e3233164e60759f397b8399e4836,"[""src/Valine.js""]"
6c812782d276f66f185e87aeeb1edd7460cf24a6,"[""docs/en/hexo.md"", ""docs/hexo.md""]"
4120c512dcfc9e18b3836df5781ca31d1af9ac14,"[""dist/Valine.min.js"", ""package.json"", ""src/Valine.js""]"
a7cf3f72f62d12cb0e823610fd31899c4d6e3a2d,"[""README.md"", ""docs/try.html""]"
aa8ed3376e00b084a19a5276a113f43e740d04ab,"[""docs/configuration.md""]"
3f82580026af9297d239a5b50cab4acf98d05895,"[""docs/configuration.md"", ""docs/en/configuration.md""]"
96c47a488ca72cb4159f10dabcdea433ce6b963e,"[""docs/_sidebar.md"", ""docs/en/hexo.md"", ""docs/faq.md"", ""docs/hexo.md"", ""docs/index.html""]"
04468ed1c444075cda978dfe36f53ae258542f46,"[""docs/README.md""]"
224b860768bede0fb8105604d4c620001b3947d7,"[""dist/Valine.min.js.map"", ""docs/_navbar.md"", ""docs/en/README.md"", ""docs/index.html"", ""package.json""]"
9b2c3b25109a1029936a0cfa9bc0db9cbf75b3d9,"["".gitignore"", ""src/Valine.js"", ""src/Valine.scss"", ""src/assets/alipay.png"", ""src/assets/logo.opacity.png"", ""src/assets/logo.png"", ""src/assets/wechat.png""]"
35a910ff40fd942d67e38d88db24368a6beece7c,"[""README.md""]"
fad1d9f4d2e183fd45997cbd920851147a620468,"["".gitignore"", ""src/Valine.js"", ""src/Valine.scss"", ""src/assets/alipay.png"", ""src/assets/logo.opacity.png"", ""src/assets/logo.png"", ""src/assets/wechat.png""]"
b5619104952a5e8c3d0183812209ce9ae40caa23,"[""dist/Valine.min.js"", ""package.json""]"
7673607ea542108185918612cb15b2c28b7ea77d,"[""docs/faq.md""]"
c35cc4c13c1a9fd23100f895d1ebe78e4ec0f94e,"[""docs/faq.md""]"
e775457e7a68b8401b1e19bfb94eebe2ce1f53c7,"[""docs/configuration.md"", ""docs/en/configuration.md""]"
c69c08696e307b2026968ede8f1546b87a59d064,"[""dist/Valine.min.js""]"
256c934eeb43ff9499201850a538f1b93de3631e,"[""package.json""]"
be87148b69edc56e929c99ac2e72c12a1928b3a5,"[""docs/index.html""]"
5ab85ea73d7d9937abc7c0d0c75291798178d680,"[""dist/Valine.min.js""]"
44bb7c5647f16e6058c27e8b29d3d31b03c97766,"[""docs/configuration.md"", ""docs/en/configuration.md""]"
40f32f7c9462338f1d647c507d36e30e4aab778e,"[""README.md"", ""docs/README.md"", ""docs/en/README.md""]"
e97c6413cbe39ca6d8e1a45398988a6ab4d05d5c,"[""docs/README.md""]"
f1feafff6303abd5c778fb525429ded867048c84,"[""README.md""]"
8e298957356c7f870f7b14f51f99239a70be8b71,"[""dist/Valine.min.js"", ""package.json""]"
ede281e01cc42cae2efe44d5bc3d8a9f88eb8475,"[""docs/configuration.md"", ""docs/en/configuration.md"", ""package.json""]"
7c8e092038105802a7dc8dcd98bf6ca55a835dfa,"[""docs/en/quickstart.md"", ""docs/quickstart.md""]"
d18f22db2fd91abca439a7e435153bd3c64c2e1d,"[""docs/en/hexo.md"", ""docs/hexo.md""]"
33ab233d1c7fd0ce4d737ebc28980d5da2210467,"[""docs/configuration.md"", ""docs/en/configuration.md"", ""docs/en/hexo.md"", ""docs/en/quickstart.md"", ""docs/hexo.md"", ""docs/quickstart.md"", ""docs/try.html""]"
c52f285b6328d26d40fe0363ad68fa61a98f4459,"[""docs/configuration.md"", ""docs/en/configuration.md"", ""docs/en/quickstart.md"", ""docs/quickstart.md""]"
e91e714169059b06ca4144abfab94feff08642b5,"[""docs/en/hexo.md"", ""docs/hexo.md""]"
2e18e549c4987cf5b67c8c79158a3eff6ddc4497,"[""docs/try.html""]"
e3d76795e6724814b0d63188fc751e134fc61dda,"[""docs/en/hexo.md"", ""docs/hexo.md""]"
9cb817e960a4b4ab464f1cae06e216e8b9898047,"[""dist/Valine.min.js"", ""package.json""]"
0bb3230f8e27539aa667b397f42bd49e57f270ae,"[""docs/en/hexo.md"", ""docs/hexo.md"", ""docs/index.html"", ""docs/try.html""]"
c7791acef29ae04c0d9a8aa6ed76e1ad94d8a120,"[""docs/index.html"", ""docs/try.html""]"
313217a5da6ae02cc19bd93724bfa52cc32fc2b8,"[""dist/Valine.min.js""]"
75b028cad73a0fcd02d265bf29024c817f5e5afd,"[""dist/Valine.min.js"", ""package.json""]"
5c3f6d7fb29d79d6a67106cca3783e0505591c9b,"[""dist/Valine.min.js"", ""docs/_sidebar.md"", ""docs/contact.md"", ""package.json""]"
8777cc2320f717cec79b8a43791c636c601784eb,"[""dist/Valine.min.js"", ""docs/_sidebar.md"", ""docs/contact.md"", ""docs/faq.md""]"
1d7e605c7c10f530ed3812f0ea0cb9d67e33d938,"[""docs/index.html""]"
ec306f0636fca9372ebba49702e7d0f6d1f64271,"[""dist/Valine.min.js"", ""docs/en/hexo.md"", ""docs/hexo.md""]"
c1ab4f9939a77395f53fd341d56eb6fe89cde1e2,"[""dist/Valine.min.js""]"
61382372c733e8539bb1821ce3de835690434e17,"[""dist/Valine.min.js"", ""package.json"", ""webpack.config.js""]"
836473be7f05e8b002cf74b0070a06d8965fdfed,"[""dist/Valine.min.js"", ""dist/detect.min.js"", ""dist/escape.min.js"", ""docs/en/hexo.md"", ""docs/hexo.md"", ""package.json"", ""webpack.config.js""]"
e41f6c04fa3b46730476b25b7e1aab80d002368d,"[""webpack.config.js""]"
dc18dca152c21bb1cf543aea32694dd6664a228a,"[""dist/Valine.min.js""]"
89fd119fc0dbcc73684f6dd31e79954b34f16af6,"[""docs/en/hexo.md"", ""docs/hexo.md""]"
7b74da58848acaa2efb9e6544ba09dd03f847d37,"[""src/Valine.js"", ""webpack.config.js""]"
5c7bdab72310ed9095cdbb5c5d363e8287f4381b,"[""package.json""]"
033666ab68bcc0e2a37c2b977b679912c1053cec,"[""dist/Valine.min.js"", ""dist/Valine.pure.min.js""]"
ab58b608d82ae5f55067610e2c3792619cc36a78,"[""README.md"", ""docs/README.md"", ""docs/assets/favicon.ico"", ""docs/assets/valine.png"", ""docs/en/README.md"", ""docs/en/hexo.md"", ""docs/hexo.md"", ""docs/index.html"", ""docs/try.html"", ""package.json""]"
af0cff3c7306589577b9aa6c8dae76f945d18a9f,"[""src/assets/favicon.ico"", ""src/assets/logo.opacity.png"", ""src/assets/logo.png"", ""src/assets/valine.png"", ""src/assets/vconsole.min.js""]"
8adc43e5700ac194b0191a446f3f1d396b819af3,"[""docs/assets/logo.opacity.png"", ""docs/assets/logo.png""]"
07993ff5ca214c3ed0139fb96e93b805ce2f20f9,"[""dist/Valine.locales.min.js"", ""dist/Valine.min.js"", ""dist/Valine.pure.min.js"", ""dist/escape.min.js"", ""docs/en/hexo.md"", ""docs/hexo.md""]"
fc3a41651b661a90f37f5f504e5d7ff959bd62a4,"[""dist/Valine.min.js"", ""dist/Valine.pure.min.js"", ""package.json""]"
0b21fccecce8c57799ae86198091022f39477517,"[""dist/Valine.locales.min.js"", ""dist/Valine.min.js"", ""dist/Valine.pure.min.js"", ""package.json""]"
53d9f0f16c8d310ad0b2d3cdd89592de5ecaa318,"[""dist/Valine.min.js"", ""dist/Valine.pure.min.js""]"
d450a940ff7e329723ab47701d13dd48e925e4fb,"[""dist/Valine.min.js"", ""dist/Valine.pure.min.js""]"
4dfa69f966e72f97389c4a4529d20a7257c2d5b6,"[""dist/Valine.min.js"", ""dist/Valine.pure.min.js"", ""package.json""]"
144d18632623c082264cf53971dcc9526e21926a,"[""dist/detect.min.js"", ""dist/escape.min.js""]"
bfff5d5b4a17af8b5161cbdc604d57076db9a47f,"[""dist/Valine.locales.min.js""]"
4c6aa0b89ce8dc0d4643fd145dba1d222d4fa344,"[""dist/Valine.locales.min.js"", ""dist/Valine.min.js"", ""dist/Valine.pure.min.js"", ""package.json""]"
a1f423b5bf46cd93f5713f151b1e8238048aed75,"[""package.json""]"
955201420e8c457c83b8bfa5165dae521b4168da,"[""src/Valine.js""]"
3a5bfafd22a11e7114bf9ae3b0b60ae50aa685a9,"[""docs/_sidebar.md"", ""docs/configuration.md"", ""docs/en/hexo.md"", ""docs/hexo.md"", ""docs/i18n.md""]"
afccc2c83abf7e1220312d758c9412b35e41cba8,"[""dist/Valine.min.js"", ""dist/Valine.pure.min.js"", ""package.json"", ""src/Valine.js"", ""webpack.config.js""]"
e79d671b76d255d83cfb8cafa3613c66198fdfec,"[""src/Valine.js""]"
baa56be68302e3fa278c259a1b81f9325a77cd35,"[""README.md"", ""dist/Valine.min.js"", ""dist/Valine.pure.min.js"", ""src/Valine.js""]"
ba7eef1f4121db8c73e288e9f6e2a73415767890,"[""docs/i18n.md""]"
68d1842bbd7008ae10677b8afcd303bfefb1a80e,"[""docs/i18n.md""]"
36bb7ffb9e2b7bb253b957378ff83b4f5a223d3c,"[""docs/i18n.md""]"
281c89f995de9ee97503352bef87c50feb75dca6,"[""docs/i18n.md""]"
3583318791d5caff0cb0c06d1cdafa533f9188a7,"[""docs/i18n.md""]"
ed22d2e1f7d900b7d8b3afab8eb0cf91d5d7dff3,"[""docs/i18n.md""]"
7bfdccf719cd1489643939d8d7827dc00a373c9d,"[""dist/Valine.locales.min.js"", ""dist/Valine.min.js"", ""dist/Valine.pure.min.js"", ""package.json""]"
237619686602b62f3b85e253f5c068fd2bb2d3ea,"[""dist/Valine.min.js"", ""dist/Valine.pure.min.js"", ""package.json""]"
62f5ff7b0222d4ddeb0b08bb8b03c70c863c6fcc,"[""dist/Valine.min.js"", ""dist/Valine.pure.min.js""]"
98c7ed04bd8f3413483326533f19f9adb57e6019,"[""dist/Valine.min.js"", ""dist/Valine.pure.min.js"", ""package.json""]"
0f1ad539f2aa4bb77212b408a3f56ab99c902b5f,"[""dist/Valine.min.js"", ""dist/Valine.pure.min.js"", ""package.json""]"
0c923f57ef1753a88604b8e558d15ba57723781d,"[""README.md""]"
6dd97ad7b04ea740c1448eb1c4e3811d1bbf2a2a,"[""dist/Valine.min.js"", ""dist/ValinePure.min.js"", ""package-lock.json"", ""package.json"", ""src/Valine.js"", ""webpack.config.js""]"
9d7ac98fac3df4ecee3a017363cef6b0ad1c73b2,"["".circle.yml""]"
ab2927540b40521ec826a2d9003faf06790bc65b,"[""dist/Valine.min.js"", ""dist/ValinePure.min.js"", ""package.json""]"
41fcc6bee7680f9c4f6fb414953e67f0c2c6d60a,"[""dist/Valine.min.js"", ""dist/ValinePure.min.js"", ""package.json""]"
1354dd90751f170f7ebd56c98e06384d29f775d2,"[""package.json""]"
3abe522513da6d4cee4cbccd47641c568a93bf3a,"[""package.json""]"
3fbddbf71dff61d35ccdfb18f39cbf4ac679330c,"[""LICENSE"", ""dist/Valine.min.js"", ""dist/ValinePure.min.js"", ""package.json""]"
0fcfd968338ef46d86f957b0285432c23ec027d4,"[""dist/Valine.min.js"", ""dist/ValinePure.min.js"", ""docs/configuration.md"", ""docs/en/configuration.md"", ""docs/i18n.md"", ""package.json"", ""webpack.config.js""]"
398a4de38521e906b7a8c06946072976d7123a1f,"["".circle.yml""]"
98a555e2f5100d528d83dfeb4c55544e0cc91a03,"[""dist/Valine.min.js"", ""dist/Valine.pure.min.js"", ""dist/ValinePure.min.js"", ""docs/.nojekyll"", ""docs/404.html"", ""docs/README.md"", ""docs/_coverpage.md"", ""docs/_navbar.md"", ""docs/_sidebar.md"", ""docs/assets/font-awesome/css/font-awesome.css"", ""docs/assets/font-awesome/css/font-awesome.min.css"", ""docs/assets/font-awesome/fonts/FontAwesome.otf"", ""docs/assets/font-awesome/fonts/fontawesome-webfont.eot"", ""docs/assets/font-awesome/fonts/fontawesome-webfont.svg"", ""docs/assets/font-awesome/fonts/fontawesome-webfont.ttf"", ""docs/assets/font-awesome/fonts/fontawesome-webfont.woff"", ""docs/assets/font-awesome/fonts/fontawesome-webfont.woff2"", ""docs/assets/alipay.png"", ""docs/assets/favicon.ico"", ""docs/assets/images/favicon.png"", ""docs/assets/images/icons/bitbucket.4ebea66e.svg"", ""docs/assets/images/icons/github.a4034fb1.svg"", ""docs/assets/images/icons/gitlab.348cdb3a.svg"", ""docs/assets/valine.png"", ""docs/assets/wechat.png"", ""docs/assets/javascripts/application.8eb9be28.js"", ""docs/assets/javascripts/lunr/lunr.da.js"", ""docs/assets/javascripts/lunr/lunr.de.js"", ""docs/assets/javascripts/lunr/lunr.du.js"", ""docs/assets/javascripts/lunr/lunr.es.js"", ""docs/assets/javascripts/lunr/lunr.fi.js"", ""docs/assets/javascripts/lunr/lunr.fr.js"", ""docs/assets/javascripts/lunr/lunr.hu.js"", ""docs/assets/javascripts/lunr/lunr.it.js"", ""docs/assets/javascripts/lunr/lunr.jp.js"", ""docs/assets/javascripts/lunr/lunr.multi.js"", ""docs/assets/javascripts/lunr/lunr.no.js"", ""docs/assets/javascripts/lunr/lunr.pt.js"", ""docs/assets/javascripts/lunr/lunr.ro.js"", ""docs/assets/javascripts/lunr/lunr.ru.js"", ""docs/assets/javascripts/lunr/lunr.stemmer.support.js"", ""docs/assets/javascripts/lunr/lunr.sv.js"", ""docs/assets/javascripts/lunr/lunr.tr.js"", ""docs/assets/javascripts/lunr/tinyseg.js"", ""docs/assets/javascripts/modernizr.1aa3b519.js"", ""docs/assets/stylesheets/application-palette.6079476c.css"", ""docs/assets/stylesheets/application.78aab2dc.css"", ""docs/avatar.md"", ""docs/avatar/index.html"", ""docs/cdn.md"", ""docs/cdn/index.html"", ""docs/configuration.md"", ""docs/configuration/index.html"", ""docs/contact.md"", ""docs/contact/index.html"", ""docs/en/README.md"", ""docs/en/_sidebar.md"", ""docs/en/avatar.md"", ""docs/en/cdn.md"", ""docs/en/configuration.md"", ""docs/en/hexo.md"", ""docs/en/notify.md"", ""docs/en/quickstart.md"", ""docs/faq.md"", ""docs/faq/index.html"", ""docs/hexo.md"", ""docs/hexo/index.html"", ""docs/i18n.md"", ""docs/i18n/index.html"", ""docs/index.html"", ""docs/notify/index.html"", ""docs/quickstart.md"", ""docs/quickstart/index.html"", ""docs/search/search_index.json"", ""docs/sitemap.xml"", ""docs/try.html"", ""package.json""]"
c624e1130275cd6ff0e1a859db575085e70b9c46,"[""docs/404.html"", ""docs/avatar/index.html"", ""docs/cdn/index.html"", ""docs/configuration/index.html"", ""docs/contact/index.html"", ""docs/faq/index.html"", ""docs/hexo/index.html"", ""docs/i18n/index.html"", ""docs/notify/index.html"", ""docs/quickstart/index.html""]"
369037e545e36ecee96045f618f4dd87245eb92b,"[""dist/Valine.min.js"", ""dist/ValinePure.min.js"", ""package.json""]"
94c51d5f5a8042cc7d11711891ef969479f2be59,"[""dist/Valine.min.js"", ""dist/ValinePure.min.js"", ""docs/avatar/index.html"", ""docs/search/search_index.json"", ""package.json""]"
d9aa0d0c4258f2d17d6c2b08481559935e8fa4c7,"[""dist/Valine.min.js"", ""dist/ValinePure.min.js"", ""package.json""]"
35f00a8269c59fe52063046bce7b11ea14e3b58e,"[""dist/Valine.min.js"", ""dist/ValinePure.min.js"", ""package.json""]"
04ed9f324f3e0b6920ec9eaddbcd6515d1ee2142,"[""docs/configuration/index.html"", ""docs/search/search_index.json"", ""docs/sitemap.xml""]"
876fb95f39759b52da1bda2a24bb38ca626e4d48,"[""docs/404.html"", ""docs/avatar/index.html"", ""docs/cdn/index.html"", ""docs/configuration/index.html"", ""docs/contact/index.html"", ""docs/faq/index.html"", ""docs/hexo/index.html"", ""docs/i18n/index.html"", ""docs/index.html"", ""docs/notify/index.html"", ""docs/quickstart/index.html"", ""docs/sitemap.xml""]"
fdb48432c8bac8f9bc3c987632bc98ef317c4f0a,"[""docs/hexo/index.html"", ""docs/search/search_index.json""]"
576660064f92f72674ecd2212a39082ba4f08b78,"[""docs/hexo/index.html"", ""docs/search/search_index.json"", ""docs/sitemap.xml""]"
9164a982a6e6ff6e694981de7468cc8d9b6fb667,"[""docs/hexo/index.html"", ""docs/search/search_index.json"", ""docs/sitemap.xml""]"
25d6deebb07edd258964d216ab922e817ee11cc3,"[""docs/404.html"", ""docs/avatar/index.html"", ""docs/cdn/index.html"", ""docs/configuration/index.html"", ""docs/contact/index.html"", ""docs/faq/index.html"", ""docs/hexo/index.html"", ""docs/i18n/index.html"", ""docs/index.html"", ""docs/notify/index.html"", ""docs/quickstart/index.html"", ""docs/search/search_index.json"", ""docs/sitemap.xml""]"
e37c3b69953a11afc9558d47f0305cff605ba18e,"[""docs/404.html"", ""docs/avatar/index.html"", ""docs/cdn/index.html"", ""docs/configuration/index.html"", ""docs/contact/index.html"", ""docs/faq/index.html"", ""docs/hexo/index.html"", ""docs/i18n/index.html"", ""docs/index.html"", ""docs/notify/index.html"", ""docs/quickstart/index.html""]"
96ea8e16bcce879997371592fe610d0994bbc47d,"[""docs/hexo/index.html"", ""docs/search/search_index.json"", ""docs/sitemap.xml""]"
0f6ab6328f0f8658332b717ba551391b419a4d92,"[""dist/Valine.min.js"", ""dist/ValinePure.min.js"", ""dist/detect.min.js"", ""dist/escape.min.js"", ""package-lock.json"", ""src/detect.js"", ""src/escape.js"", ""webpack.config.js""]"
9dabd2808603e08f72dacc64fae2fbf46f2a8bbb,"[""docs/404.html"", ""docs/avatar/index.html"", ""docs/cdn/index.html"", ""docs/configuration/index.html"", ""docs/contact/index.html"", ""docs/faq/index.html"", ""docs/hexo/index.html"", ""docs/i18n/index.html"", ""docs/index.html"", ""docs/notify/index.html"", ""docs/quickstart/index.html"", ""docs/search/search_index.json"", ""docs/sitemap.xml""]"
a9d7761e62a0a19e70e9a960d7877c2429876f84,"["".gitignore"", "".npmignore""]"
7fb3bcb3c6edf0d5732214b0f1608ebad75726d2,"["".github/stale.yml""]"
7c5c04d8c3ec7cf545272ed585af38b5ef9a82a9,"[""src/index.js"", ""src/detect.js"", ""src/escape.js""]"
090b988c415d8f334e8a9261f0206a9128112f55,"["".babelrc"", ""index.html"", ""package.json"", ""src/core/index.js"", ""src/index.js"", ""webpack.config.js""]"
74a16ace138062553e34f06cb93e8f6509daa7b8,"["".babelrc"", ""dist/Valine.min.js"", ""dist/ValinePure.min.js"", ""dist/detect.min.js"", ""dist/escape.min.js"", ""index.html"", ""package.json"", ""src/index.js"", ""webpack.config.js""]"
a7fb083aa44a064cbc7ca8bb716cacaab5e65008,"["".babelrc"", ""dist/Valine.min.js"", ""package.json"", ""src/Valine.bak.js"", ""src/Valine.js"", ""src/index.js"", ""webpack.config.js""]"
690dc3302f01ca970bf22d928bce60dbfee5e963,"["".babelrc"", ""src/Valine.js"", ""src/core/index.js"", ""src/index.js"", ""src/utils/index.js""]"
1d820d9c95f621fd1d43bd8b2fc49f89e776b0e5,"[""src/core/index.js"", ""src/plugins/vEmojis.js""]"
054b6cfb44c85da5bd3a2cc92955964f55153219,"[""src/core/index.js""]"
736fd653cd616c47dadd9a19c676e0c16e0f7324,"[""src/core/index.js"", ""src/utils/index.js""]"
c0995db4aedb3509fb2ad339f6f2e8bf55f250a5,"[""src/utils/index.js""]"
6da4eaee9ef1d02d930f95f583d94270c8944089,"["".babelrc"", ""dist/Valine.min.js"", ""index.html"", ""package.json"", ""src/components/index.js"", ""src/core/index.js"", ""src/index.js"", ""src/Valine.scss"", ""src/utils/index.js""]"
03e4407ef5fb3b87cd6fc2b02b34e79de8cde803,"[""dist/Valine.min.js"", ""src/components/Meta.js"", ""src/components/index.js"", ""src/core/index.js"", ""src/index.js""]"
3812695ee20d7be24182fec88ed40b86c1383d01,"["".gitignore"", "".npmignore"", ""docs/.nojekyll"", ""docs/.vuepress/config.js"", ""docs/assets/images/alipay.png"", ""docs/assets/images/favicon.ico"", ""docs/assets/images/valine.png"", ""docs/assets/images/wechat.png"", ""docs/404.html"", ""docs/README.md"", ""docs/_coverpage.md"", ""docs/_navbar.md"", ""docs/_sidebar.md"", ""docs/assets/font-awesome/css/font-awesome.css"", ""docs/assets/font-awesome/css/font-awesome.min.css"", ""docs/assets/font-awesome/fonts/FontAwesome.otf"", ""docs/assets/font-awesome/fonts/fontawesome-webfont.eot"", ""docs/assets/font-awesome/fonts/fontawesome-webfont.svg"", ""docs/assets/font-awesome/fonts/fontawesome-webfont.ttf"", ""docs/assets/font-awesome/fonts/fontawesome-webfont.woff"", ""docs/assets/font-awesome/fonts/fontawesome-webfont.woff2"", ""docs/assets/images/favicon.png"", ""docs/assets/images/icons/bitbucket.4ebea66e.svg"", ""docs/assets/images/icons/github.a4034fb1.svg"", ""docs/assets/images/icons/gitlab.348cdb3a.svg"", ""docs/assets/javascripts/application.8eb9be28.js"", ""docs/assets/javascripts/lunr/lunr.da.js"", ""docs/assets/javascripts/lunr/lunr.de.js"", ""docs/assets/javascripts/lunr/lunr.du.js"", ""docs/assets/javascripts/lunr/lunr.es.js"", ""docs/assets/javascripts/lunr/lunr.fi.js"", ""docs/assets/javascripts/lunr/lunr.fr.js"", ""docs/assets/javascripts/lunr/lunr.hu.js"", ""docs/assets/javascripts/lunr/lunr.it.js"", ""docs/assets/javascripts/lunr/lunr.jp.js"", ""docs/assets/javascripts/lunr/lunr.multi.js"", ""docs/assets/javascripts/lunr/lunr.no.js"", ""docs/assets/javascripts/lunr/lunr.pt.js"", ""docs/assets/javascripts/lunr/lunr.ro.js"", ""docs/assets/javascripts/lunr/lunr.ru.js"", ""docs/assets/javascripts/lunr/lunr.stemmer.support.js"", ""docs/assets/javascripts/lunr/lunr.sv.js"", ""docs/assets/javascripts/lunr/lunr.tr.js"", ""docs/assets/javascripts/lunr/tinyseg.js"", ""docs/assets/javascripts/modernizr.1aa3b519.js"", ""docs/assets/stylesheets/application-palette.6079476c.css"", ""docs/assets/stylesheets/application.78aab2dc.css"", ""docs/avatar.md"", ""docs/avatar/index.html"", ""docs/cdn.md"", ""docs/cdn/index.html"", ""docs/configuration/index.html"", ""docs/contact.md"", ""docs/contact/index.html"", ""docs/en/README.md"", ""docs/en/_sidebar.md"", ""docs/en/avatar.md"", ""docs/en/cdn.md"", ""docs/en/configuration.md"", ""docs/en/guide.md"", ""docs/en/hexo.md"", ""docs/en/notify.md"", ""docs/faq.md"", ""docs/faq/index.html"", ""docs/guide/README.md"", ""docs/guide/configuration.md"", ""docs/hexo.md"", ""docs/hexo/index.html"", ""docs/i18n.md"", ""docs/i18n/index.html"", ""docs/index.html"", ""docs/notify/index.html"", ""docs/quickstart/index.html"", ""docs/search/search_index.json"", ""docs/sitemap.xml"", ""package.json"", ""src/components/index.js""]"
91691200794f04ccfa3e05f6648f94c9fe485d61,"[""docs/.nojekyll"", ""docs/.vuepress/config.js"", ""docs/.vuepress/public/alipay.png"", ""docs/.vuepress/public/favicon.ico"", ""docs/.vuepress/public/valine.png"", ""docs/.vuepress/public/wechat.png"", ""docs/CNAME"", ""docs/README.md"", ""docs/_coverpage.md"", ""docs/_navbar.md"", ""docs/_sidebar.md"", ""docs/avatar.md"", ""docs/cdn.md"", ""docs/contact.md"", ""docs/en/README.md"", ""docs/en/_sidebar.md"", ""docs/en/avatar.md"", ""docs/en/cdn.md"", ""docs/en/configuration.md"", ""docs/en/guide.md"", ""docs/en/hexo.md"", ""docs/en/notify.md"", ""docs/faq.md"", ""docs/guide/README.md"", ""docs/guide/configuration.md"", ""docs/hexo.md"", ""docs/i18n.md"", ""package.json""]"
df08faf5f9011ebd9666a8e1ef517dbf6441b699,"[""src/components/Meta.js"", ""src/components/index.js"", ""src/core/index.js"", ""src/index.js""]"
d78ba8b9a2aaf8761bcf3d4d4b6f7906eff88135,"[""dist/Valine.min.js"", ""src/components/Meta.js"", ""src/components/index.js"", ""src/index.js"", ""webpack.config.js""]"
641bb12d6f357496384b905531fad562e4a89b2a,"[""src/index.js""]"
750021498c86fa628cd1b8846413881d1174346e,"[""dist/Valine.Pure.min.js"", ""dist/Valine.min.js"", ""package.json"", ""src/components/app.js"", ""src/app/index.js"", ""src/components/Meta.js"", ""src/index.js"", ""webpack.config.js""]"
9779fb370b187a329c1f347b48bbe3ab7527eb66,"[""webpack.config.js""]"
8193bac6b50d0f78a6f5556824faa8698a9b5b57,"["".circle.yml"", ""dist/Valine.Core.min.js"", ""dist/Valine.Pure.min.js"", ""dist/Valine.min.js"", ""package.json"", ""src/core/index.js"", ""src/utils/deepClone.js"", ""src/utils/detect.js"", ""src/utils/domReady.js"", ""src/utils/index.js"", ""test/test.js"", ""webpack.config.js""]"
77cb79547ec89ae1ef20d656f3656f4ae01d3c08,"["".babelrc"", "".circle.yml"", "".circleci/config.yml"", ""dist/Valine.Core.min.js"", ""dist/Valine.Pure.min.js"", ""dist/Valine.min.js"", ""package.json"", ""src/app/app.js"", ""src/app/index.js"", ""src/app/meta.js"", ""src/core/index.js"", ""src/core/leancloud.js"", ""src/index.js"", ""src/plugins/vEmojis.js"", ""src/utils/index.js"", ""test/test.js"", ""webpack.config.js""]"
24f6ddd1504a39a8ccb8b047eee6579405dbdf08,"["".circleci/config.yml""]"
9e03d73eda9ba228bd4631c50021acc749532e6e,"["".circleci/config.yml"", ""dist/Valine.Core.min.js"", ""dist/Valine.Pure.min.js"", ""dist/Valine.min.js"", ""index.js"", ""src/core/leancloud.js"", ""src/index.js"", ""src/utils/timeago.js"", ""webpack.config.js""]"
569c5ea95daa12624200b143c3ae4620305c5711,"["".babelrc"", "".circle.yml"", "".circleci/config.yml"", "".gitignore"", "".npmignore"", ""dist/Valine.Pure.min.js"", ""dist/Valine.min.js"", ""dist/ValinePure.min.js"", ""dist/detect.min.js"", ""dist/escape.min.js"", ""docs/404.html"", ""docs/CNAME"", ""docs/assets/font-awesome/css/font-awesome.css"", ""docs/assets/font-awesome/css/font-awesome.min.css"", ""docs/assets/font-awesome/fonts/FontAwesome.otf"", ""docs/assets/font-awesome/fonts/fontawesome-webfont.eot"", ""docs/assets/font-awesome/fonts/fontawesome-webfont.svg"", ""docs/assets/font-awesome/fonts/fontawesome-webfont.ttf"", ""docs/assets/font-awesome/fonts/fontawesome-webfont.woff"", ""docs/assets/font-awesome/fonts/fontawesome-webfont.woff2"", ""docs/assets/images/alipay.png"", ""docs/assets/images/favicon.ico"", ""docs/assets/images/favicon.png"", ""docs/assets/images/icons/bitbucket.4ebea66e.svg"", ""docs/assets/images/icons/github.a4034fb1.svg"", ""docs/assets/images/icons/gitlab.348cdb3a.svg"", ""docs/assets/images/valine.png"", ""docs/assets/images/wechat.png"", ""docs/assets/javascripts/application.8eb9be28.js"", ""docs/assets/javascripts/lunr/lunr.da.js"", ""docs/assets/javascripts/lunr/lunr.de.js"", ""docs/assets/javascripts/lunr/lunr.du.js"", ""docs/assets/javascripts/lunr/lunr.es.js"", ""docs/assets/javascripts/lunr/lunr.fi.js"", ""docs/assets/javascripts/lunr/lunr.fr.js"", ""docs/assets/javascripts/lunr/lunr.hu.js"", ""docs/assets/javascripts/lunr/lunr.it.js"", ""docs/assets/javascripts/lunr/lunr.jp.js"", ""docs/assets/javascripts/lunr/lunr.multi.js"", ""docs/assets/javascripts/lunr/lunr.no.js"", ""docs/assets/javascripts/lunr/lunr.pt.js"", ""docs/assets/javascripts/lunr/lunr.ro.js"", ""docs/assets/javascripts/lunr/lunr.ru.js"", ""docs/assets/javascripts/lunr/lunr.stemmer.support.js"", ""docs/assets/javascripts/lunr/lunr.sv.js"", ""docs/assets/javascripts/lunr/lunr.tr.js"", ""docs/assets/javascripts/lunr/tinyseg.js"", ""docs/assets/javascripts/modernizr.1aa3b519.js"", ""docs/assets/stylesheets/application-palette.6079476c.css"", ""docs/assets/stylesheets/application.78aab2dc.css"", ""docs/avatar/index.html"", ""docs/cdn/index.html"", ""docs/configuration/index.html"", ""docs/contact/index.html"", ""docs/faq/index.html"", ""docs/hexo/index.html"", ""docs/i18n/index.html"", ""docs/index.html"", ""docs/notify/index.html"", ""docs/quickstart/index.html"", ""docs/search/search_index.json"", ""docs/sitemap.xml"", ""index.html"", ""index.js"", ""package.json"", ""src/Valine.bak.js"", ""src/index.scss"", ""src/core/leancloud.js"", ""src/utils/detect.js"", ""src/utils/escape.js"", ""src/index.js"", ""src/plugins/vEmojis.js"", ""src/utils/deepClone.js"", ""src/utils/domReady.js"", ""src/utils/index.js"", ""src/utils/timeago.js"", ""webpack.config.js""]"
1ff57588729207803563ea21bce7e1927c81d770,"[""dist/Valine.Pure.min.js"", ""dist/Valine.min.js"", ""index.js"", ""package.json""]"
0fd4576118ce84a9b9bedd925f3109bb1f69e86a,"[""dist/Valine.Pure.min.js"", ""dist/Valine.min.js"", ""dist/ValinePure.min.js"", ""index.html"", ""package.json""]"
50dad84e9955dca678cfff2b5010833960d7731e,"["".circle.yml"", "".circleci/config.yml"", ""dist/Valine.Pure.min.js"", ""dist/Valine.min.js"", ""package.json""]"
b8f62a1e4417a57f7968d2faa65412b4ca8d6166,"[""dist/Valine.Pure.min.js"", ""dist/Valine.min.js"", ""package.json"", ""webpack.config.js""]"
8062c94a0e178c6527460e4516d0e2816f672337,"[""src/Valine.js"", ""src/Valine.scss""]"
a5b6dc631093d2852f696ff47f23f43010ca9b18,"["".circleci/config.yml""]"
ef91918dd70b6ba032a78c1d0d8cb2f0dd0d16a5,"["".circleci/config.yml""]"
8e975a5dbd26a74988e898a12376c2024c23ccf7,"["".circleci/config.yml"", ""package.json""]"
e7618a9d7e2c4f6b325c0815c611899602269104,"["".babelrc""]"
9c1f43abce5305295b78beaba36bfad947697843,"[""dist/Valine.Pure.min.js"", ""dist/Valine.min.js""]"
379c2bb560851d5656700bea44b82bbe0e54e398,"[""src/plugins/emojis/index.js"", ""src/plugins/emojis/light.json""]"
d867601f058ce9b893793450433a6103b2c78aff,"[""dist/Valine.Pure.min.js"", ""dist/Valine.min.js"", ""src/plugins/emojis/index.js"", ""src/plugins/emojis/light.json"", ""package.json""]"
2c85c6d735c439d6d196700b1461695aeb7dad59,"[""README.md""]"
76be5000220d032d29546115e0e43ca07b5461bb,"[""README.md""]"
db4ed09223e1ba7d4630b4e9eb03b934d4086d9f,"["".circleci/config.yml""]"
15a64c133e7baef1e8572a917483b7f5924187ae,"[""dist/Valine.Pure.min.js"", ""dist/Valine.min.js"", ""dist/plugins/emojis/light.json"", ""package.json""]"
2ff331658f09c438140e28c8f7aa79b120690970,"["".npmignore""]"
73abdd083115b85399ecdd635eeaeec94914fae0,"[""dist/Valine.Pure.min.js"", ""dist/Valine.min.js"", ""package.json""]"
42436b56709abf089269757f75d8dc40645a961f,"["".circleci/config.yml""]"
e3d5db2dfca07b18202b6989beef7f1922f21b90,"["".circleci/config.yml"", ""dist/Valine.Pure.min.js"", ""dist/Valine.min.js"", ""package.json""]"
87826197a730b03ae169d135aab78c1a7b30fa65,"[""dist/Valine.Pure.min.js"", ""dist/Valine.min.js""]"
21fb759abecaad834f4406f201a6211879b29bb3,"[""dist/Valine.Pure.min.js"", ""dist/Valine.min.js""]"
788cb9def550d0db623a9d813cba00a97c0337d4,"[""dist/Valine.Pure.min.js"", ""dist/Valine.min.js""]"
183f57011cbf25305c871591e8c9bbbf6bf762b3,"[""dist/Valine.Pure.min.js"", ""dist/Valine.min.js""]"
a1302ae0cf1b7d835ad6112abe02685de5bd3632,"[""dist/Valine.Pure.min.js"", ""dist/Valine.min.js""]"
f0902121efc5af21eddc1656673ebaaf81db35aa,"[""dist/Valine.Pure.min.js"", ""dist/Valine.min.js""]"
4e4693a358a9d4a16ca5c7b8e962d7f281590bd8,"[""dist/Valine.Pure.min.js"", ""dist/Valine.min.js"", ""package.json""]"
3232ab4cf84e12b74541a918356107230ae899e4,"[""dist/Valine.Pure.min.js"", ""dist/Valine.min.js"", ""package.json""]"
add374dfda34988e5d1a1f007ccc3516ec8440b6,"[""dist/Valine.Pure.min.js"", ""dist/Valine.min.js""]"
8d2aeb5bf459753e119938de3e7dd3639117f64c,"[""dist/Valine.Pure.min.js"", ""dist/Valine.min.js""]"
0249153cf4f9ca6c122879d8a603bd41477eb2a1,"[""dist/Valine.Pure.min.js"", ""dist/Valine.min.js""]"
c2f45a7b84a70bf69feeba891401979ef5c8114e,"[""dist/Valine.Pure.min.js"", ""dist/Valine.min.js"", ""package.json""]"
fab90cc4f310c31b58260449f15d4e458f2048a0,"[""dist/Valine.Pure.min.js"", ""dist/Valine.min.js"", ""package.json""]"
8e19d20575d18e7fe20d981473ea32aa5a9fe06e,"[""dist/Valine.Pure.min.js"", ""dist/Valine.min.js"", ""package.json""]"
1ac47e9196a03b35b1dc709e27f0525c7d60f98c,"[""dist/Valine.Pure.min.js"", ""dist/Valine.min.js"", ""package.json""]"
46c923a95b18a9e53781aa3c25462d840be3978d,"[""dist/Valine.Pure.min.js"", ""dist/Valine.min.js"", ""package.json""]"
8d87974da3069dbeefd4ae3c661af202700a51bd,"[""dist/Valine.Pure.min.js"", ""dist/Valine.min.js""]"
58d7b778f4441e503cef04efc97197a776e6242f,"[""dist/Valine.Pure.min.js"", ""dist/Valine.min.js"", ""package.json""]"
650ce964bfa5509b84426a2f85fe3c3b89d31046,"[""dist/Valine.Pure.min.js"", ""dist/Valine.min.js"", ""package.json""]"
7718f4e1a8c2b7214185758a87978a88c3002c4c,"[""dist/Valine.Pure.min.js"", ""dist/Valine.min.js""]"
d96a11d7c7543d077618605e20cc756b73a4ab09,"[""dist/Valine.Pure.min.js"", ""dist/Valine.min.js""]"
76a5cf780a07bdc78b1c08db98990f17ae3951ec,"[""dist/Valine.min.js""]"
94157040f4bf070af7cc31f3d770fe078926fcda,"[""dist/Valine.Pure.min.js"", ""dist/Valine.min.js""]"
fa5b2c8ec23dbb70a48cb6b6b9690a94bbd3a2c3,"[""dist/Valine.min.js""]"
d3a043cd4dd2e7735e49c752948fc0edbf33b684,"[""dist/Valine.Pure.min.js"", ""dist/Valine.min.js"", ""package.json""]"
fd2bf030bfabf0b2e9a5023805ab306d8e3de84b,"[""dist/Valine.min.js"", ""package.json""]"
ef8fa81036f4c6ae7c461bf3113d012f86c04bc1,"[""dist/Valine.Pure.min.js"", ""dist/Valine.min.js""]"
88291639190c941ee547eb2932110357211c5c99,"[""dist/Valine.Pure.min.js"", ""dist/Valine.min.js""]"
057ef1ced02af751e1568ded28397703b2964437,"[""dist/Valine.Pure.min.js"", ""dist/Valine.min.js""]"
af909074ced6d3e605154aea0cbfb4ad48c3e5d7,"[""dist/Valine.Pure.min.js"", ""dist/Valine.min.js""]"
1e0fb40eca23cbd29382cac0aded70e2b44ddd8b,"[""dist/Valine.Pure.min.js"", ""dist/Valine.min.js"", ""package.json""]"
f995d7290d446cfc6e012268fcf4dc9f327165dc,"[""dist/Valine.Pure.min.js"", ""dist/Valine.min.js"", ""package.json""]"
84312e1026279611e75187609a19620637eb5d01,"[""dist/Valine.Pure.min.js"", ""dist/Valine.min.js"", ""package.json""]"
13f921812dda751b1b9c8b6213f1f9b6b8589d3d,"[""dist/Valine.min.js""]"
71dd5cccffc6049e91e74175a46852d02a55631f,"[""dist/Valine.Pure.min.js"", ""dist/Valine.min.js""]"
e54363b5817f06d751ca9c2a88f89b103c27458e,"[""dist/Valine.Pure.min.js"", ""dist/Valine.min.js""]"
dd252016ee36e27d3eb1fef7bfab7a2bb179191e,"[""dist/Valine.Pure.min.js"", ""dist/Valine.min.js"", ""package.json""]"
d26522f509623fdd1c92cb386d0a9492bdd20778,"[""dist/Valine.Pure.min.js"", ""dist/Valine.min.js"", ""package.json""]"
6ddf2ae995d4018332f2feb67a0d62a07aca37ae,"[""dist/Valine.Pure.min.js"", ""dist/Valine.min.js""]"
ac595b3178001cb94c9e7b07390ca02d8f7de7b1,"[""dist/Valine.Pure.min.js"", ""dist/Valine.min.js"", ""package.json""]"
13785c22898231cf38c6f9e7ddcaf54dcf056d5c,"[""dist/Valine.Pure.min.js"", ""dist/Valine.min.js"", ""package.json""]"
d7e7267ee9f48b006ca919b9139291a7bc098e60,"[""dist/Valine.Pure.min.js"", ""dist/Valine.min.js""]"
32d4d5e68df804f0eabb1a2bebbbf9459e31c2b7,"[""dist/Valine.Pure.min.js"", ""dist/Valine.min.js"", ""package.json""]"
2a9319088e942e3623e7cc888b7ce4194ae25c4c,"["".gitignore"", ""dist/Valine.Pure.min.js"", ""dist/Valine.min.js"", ""index.js"", ""index.scss"", ""package.json"", ""plugins/emojis/index.js"", ""plugins/emojis/light.json"", ""utils/deepClone.js"", ""utils/detect.js"", ""utils/domReady.js"", ""utils/escape.js"", ""utils/htmlUtils.js"", ""utils/index.js"", ""utils/timeago.js"", ""webpack.config.js""]"
36e1867713aee0b4eea8dbf7ce7cc62fc7d99705,"[""dist/Valine.Pure.min.js"", ""dist/Valine.min.js"", ""index.js""]"
0e411e25f57a87b84212cd700dc2bc20bb79cc8c,"[""dist/Valine.Pure.min.js"", ""dist/Valine.min.js"", ""webpack.config.js""]"
a0d23d10b143736c2b19b317475f8ccfb3704a6e,"[""dist/Valine.Pure.min.js"", ""dist/Valine.min.js"", ""index.js""]"
beeaeecc7959ea28032ca4625b796ead71c9e992,"[""dist/Valine.Pure.min.js"", ""dist/Valine.min.js"", ""dist/Valine.min.zip"", ""index.js"", ""package.json"", ""utils/htmlUtils.js"", ""webpack.config.js""]"
0ec1131f0803474b121cc813cafc1f44db3cae26,"[""dist/Valine.Pure.min.js"", ""dist/Valine.min.js""]"
d0c1d2cc68edd9ec6084358a2753733140eb15b1,"[""dist/Valine.Pure.min.js"", ""dist/Valine.min.js""]"
8e6028fd768fa5c2ac7eaeafb6241020bc1a1970,"[""dist/Valine.Pure.min.js"", ""dist/Valine.min.js"", ""index.js"", ""index.scss"", ""src/index.js"", ""src/index.scss""]"
6ca178754a8ec9ad33961c30af7e28f4c959ea36,"[""dist/Valine.Pure.min.js"", ""dist/Valine.min.js"", ""plugins/emojis/index.js"", ""plugins/emojis/light.json"", ""utils/deepClone.js"", ""utils/detect.js"", ""utils/domReady.js"", ""utils/escape.js"", ""utils/htmlUtils.js"", ""utils/index.js"", ""utils/timeago.js""]"
879bb3de9cf6a5709a13544a95a4c0c7ac064002,"[""dist/Valine.Pure.min.js"", ""dist/Valine.min.js"", ""src/detect.js"", ""src/escape.js""]"
843557e90dcbc6351781f5f4ee5143b2261ddaa4,"[""dist/Valine.Pure.min.js"", ""dist/Valine.min.js"", ""dist/Valine.min.zip"", ""src/index.js""]"
4526b14f9eef0802aeea9f04aaf5b9b59a362579,"[""dist/Valine.Pure.min.js"", ""dist/Valine.min.js""]"
fd1b2ecf8b0bfffe57da84f978053316c4d1897f,"[""dist/Valine.Pure.min.js"", ""dist/Valine.min.js"", ""src/index.js""]"
56b3cabfcf80818cb6ae27ca54ada37ea1b51edf,"[""dist/Valine.Pure.min.js"", ""dist/Valine.min.js"", ""package.json"", ""src/index.js"", ""src/index.scss"", ""src/utils/htmlUtils.js""]"
96b1ca85b48ca7f55f218d14f9cbd2aab72125e2,"[""src/index.scss""]"
511dd8426f565c2c463461a704fc86e762139509,"[""dist/Valine.Pure.min.js"", ""dist/Valine.min.js"", ""package.json"", ""src/index.js"", ""src/index.scss"", ""src/utils/domReady.js"", ""src/utils/htmlUtils.js"", ""src/utils/escape.js"", ""src/utils/index.js""]"
fd5d126a6ff71bb8a9dec7958c2c38443403b250,"[""dist/Valine.Pure.min.js"", ""dist/Valine.min.js""]"
b3de0bb099006447003357abff0afb2e1807e5fd,"[""dist/Valine.Pure.min.js"", ""dist/Valine.min.js"", ""package.json"", ""src/index.scss""]"
02925c14a7e41443293a16d47fd31dde126dabdd,"[""dist/Valine.Pure.min.js"", ""dist/Valine.min.js""]"
01211c04977fb043ce1a4cc18610914494fbaf51,"[""dist/Valine.Pure.min.js"", ""dist/Valine.min.js"", ""package.json"", ""src/index.js""]"
2529c49b26040280609dc5e2f737aa5d25be34c7,"[""dist/Valine.Pure.min.js"", ""dist/Valine.min.js"", ""src/index.js"", ""src/utils/deepClone.js"", ""src/utils/domUtils.js""]"
d1e87f670ee0366bc1fa0c4515d8c8a23ded6302,"[""src/index.js""]"
6822e7c23d610a2447ba62a19e1c4fa4dc22dd2d,"[""src/index.js""]"
39674f3969b7debb56adcb3660697762090bfea8,"[""dist/Valine.Pure.min.js"", ""dist/Valine.min.js"", ""package.json"", ""src/index.js"", ""src/index.scss"", ""src/utils/domUtils.js"", ""src/utils/pollify.js""]"
2a16e821387af6b6dfb4817ef99cdccd1862d046,"[""src/utils/pollify.js""]"
fbb5f9e8b70cd7a7cadee19781e1f67803559959,"[""src/index.js""]"
6812ad04239117cd822feb3884598b6b5e9afc91,"["".github/renovate.json""]"
f9a0659fe8a0edfb724a1a2bc161fe358d188103,"[""dist/Valine.Pure.min.js"", ""dist/Valine.min.js""]"
252bf6915afb0f582e41f7a646c2891adf2a9853,"[""dist/Valine.Pure.min.js"", ""dist/Valine.min.js"", ""package.json""]"
b8d4708d1fd84d0850254064dd029b04a22b1065,"[""package.json""]"
b7abc36dcdcdc74b22d877c5ec189468668c2027,"[""dist/Valine.Pure.min.js"", ""dist/Valine.min.js"", ""package.json""]"
cfce7cfd3af2f88f3b632a34d710bebd40f968de,"[""dist/Valine.Pure.min.js"", ""dist/Valine.min.js"", ""package.json""]"
46018acef7aa1e4a3b44bc12459696cf7e257d56,"[""dist/Valine.Pure.min.js"", ""dist/Valine.min.js""]"
a5b03c0cd710a7fc5994d95af804dece0deadcf6,"[""dist/Valine.Pure.min.js"", ""dist/Valine.min.js"", ""package.json""]"
88cd4871a43ac0842b7f8aa9d00c4db4a34b03be,"[""dist/Valine.Pure.min.js"", ""dist/Valine.min.js"", ""package.json""]"
b2498683d78d2e26c1b8df74a72ecabe422893bb,"[""README.md""]"
9d9392ba0599076220fdba870ea60a70fdd0cf5a,"[""README.md""]"
a4d1b4aa4ca18a3e5fa1e00ee14ce619b179f8d0,"[""README.md""]"
29442505db2bc0ae931efbd4c89ac7c941a58bf1,"[""src/index.js""]"
c8de63af9c1760a66c8883f728949a4d352fc63a,"[""dist/Valine.Pure.min.js"", ""dist/Valine.min.js"", ""package.json""]"
ce4d15dda5c8e74a70e3e77f2fd2f0d6d0d6c982,"[""src/index.js""]"
87b5f5b6a40d1c065476046af43d1dcafdd090e9,"[""dist/Valine.Pure.min.js"", ""dist/Valine.min.js"", ""package.json""]"
6c6e7b621dab459ccaec0901dd2d635fa569917c,"[""dist/Valine.Pure.min.js"", ""dist/Valine.min.js"", ""package.json""]"
cd189681370d9b21f28a95eae62a24d7a1620f80,"[""dist/Valine.Pure.min.js"", ""dist/Valine.min.js"", ""package.json""]"
a8afd66560c019ee4a3372163d3838200bb17d74,"[""dist/Valine.Pure.min.js"", ""dist/Valine.min.js"", ""package.json""]"
5ad7528464d58c040c8a4c47e436ec6fa55f37d8,"[""dist/Valine.Pure.min.js"", ""dist/Valine.min.js"", ""package.json""]"
85c9174ebba6dd40f15661c2c0870227ed22af8c,"[""dist/Valine.Pure.min.js"", ""dist/Valine.min.js"", ""package.json""]"
13c9c904a7f2dcee0e0f7ada4a277938f1b48fca,"["".github/renovate.json"", ""dist/Valine.Pure.min.js"", ""dist/Valine.min.js"", ""package.json""]"
c3d202e6c62f4e1cb5f30456ff8c2a06bfed40f5,"["".github/ISSUE_TEMPLATE.md""]"
a57685fac2ce20187f985d982bf9b80574f0e0db,"[""dist/Valine.Pure.min.js"", ""dist/Valine.min.js"", ""package.json""]"
87da8204db50194c338f6929166f80f41ca87222,"[""dist/Valine.Pure.min.js"", ""dist/Valine.min.js"", ""package.json""]"
97b9c20a43e81eebeb8a5bbc6366b73453a22b34,"[""src/index.js""]"
b307a265ee7fae9cfbe903c9a42c7263f4ebd513,"[""dist/Valine.Pure.min.js"", ""dist/Valine.min.js"", ""dist/Valine.min.umd.js"", ""dist/Valine.min.umd.js.map"", ""package.json""]"
60f4422f1a091600f850293ace4f8b84e9b93304,"[""dist/Valine.Pure.min.js"", ""dist/Valine.min.js"", ""package.json""]"
ac119488fc9c920498ccd613a0463e12b0c84554,"[""package.json""]"
84efe0f22acc5a7c2702c91601e4f4fb3115f9b0,"[""dist/Valine.Pure.min.js"", ""dist/Valine.Pure.min.js.map"", ""dist/Valine.min.js"", ""dist/Valine.min.js.map"", ""package.json""]"
a670b1ebe60eb991e824485d04fb671c9f46b9b3,"[""dist/Valine.Pure.min.js"", ""dist/Valine.min.js"", ""package.json""]"
7ed6d0ee50d2911ae039541901aeb7888e7866db,"[""package.json""]"
c40826c5816c98d797a6b1ed8b62bddf73ed4f65,"[""dist/Valine.Pure.min.js"", ""dist/Valine.min.js"", ""docs/index.html"", ""package.json""]"
429dbc35246432c68209180db89f0a4dbca1d2b3,"[""dist/Valine.min.js""]"
f3413130c826446612fe6c208ae71a55320c5bb5,"[""dist/Valine.Pure.min.js"", ""dist/Valine.min.js""]"
a4c3d96b1492ed20a17a74162997309083014c74,"[""package.json""]"
d14b24b039daf2f504c11230c40fb6560fe96fe5,"[""README.md""]"
4cb250cb552c4dcee47db8f398f7cd04917043f2,"[""dist/Valine.Pure.min.js"", ""dist/Valine.min.js""]"
c7fce6177694319f6afef60f7355900f0fbf89d2,"[""dist/Valine.Pure.min.js"", ""dist/Valine.min.js""]"
ba5e7752d778834d8f355f08799b2a012b98c7b2,"[""dist/Valine.Pure.min.js"", ""dist/Valine.min.js""]"
7c58aa26232835b0a3a44c9b2086817c6a9194c6,"[""dist/Valine.Pure.min.js"", ""dist/Valine.min.js""]"
3d248380396af3a27db7842a8e6f9136ba25d188,"[""package.json""]"
5c00524690def1ef44c34cf465363b1365de4b15,"[""dist/Valine.Pure.min.js"", ""dist/Valine.min.js"", ""package.json""]"
686b76f0de2bb55f4b4582187a06925ca9939714,"[""README.md""]"
